scenario,lr,year,solarPV,windon,windoff
scenario_min_min_min,LR1,2030,598352.5452238852,297382.5,41596.5
scenario_min_min_min,LR1,2040,1190064.759745652,408966.8805418129,99221.73051969102
scenario_min_min_avg,LR1,2030,598352.5452238852,297382.5,41596.5
scenario_min_min_avg,LR1,2040,1191869.488126934,407906.5889469326,99976.69791077782
scenario_min_min_high,LR1,2030,598352.545223885,297382.5,41596.5
scenario_min_min_high,LR1,2040,1192720.760271535,408106.1390653854,99796.21737801514
scenario_min_avg_min,LR1,2030,598352.545223885,297382.5,41596.5
scenario_min_avg_min,LR1,2040,1182333.869280686,405369.3098291855,102247.846154956
scenario_min_avg_avg,LR1,2030,598352.5452238852,297382.5,41596.5
scenario_min_avg_avg,LR1,2040,1181253.398714456,405369.3098291856,102361.6035698509
scenario_min_avg_high,LR1,2030,598352.5452238852,297382.5,41596.5
scenario_min_avg_high,LR1,2040,1182356.402954752,405369.3098291855,102282.2167148404
scenario_min_high_min,LR1,2030,598352.5452238852,297382.5,41596.5
scenario_min_high_min,LR1,2040,1177097.330596103,409121.6869640037,101181.9859275627
scenario_min_high_avg,LR1,2030,598352.545223885,297382.5,41596.5
scenario_min_high_avg,LR1,2040,1177097.330596103,409121.6869640037,101181.9859275627
scenario_min_high_high,LR1,2030,598352.5452238852,297382.5,41596.5
scenario_min_high_high,LR1,2040,1177097.330596103,409121.6869640037,101214.5060354262
scenario_avg_min_min,LR1,2030,598352.5452238852,297382.5,41596.5
scenario_avg_min_min,LR1,2040,1192120.745179873,409768.4811449293,99176.76418564818
scenario_avg_min_avg,LR1,2030,598352.5452238852,297382.5,41596.5
scenario_avg_min_avg,LR1,2040,1192217.518890526,409758.6767096159,99221.730519691
scenario_avg_min_high,LR1,2030,598352.5452238852,297382.5,41596.5
scenario_avg_min_high,LR1,2040,1191331.975484862,408641.6592877951,99976.69791077766
scenario_avg_avg_min,LR1,2030,598352.5452238852,297382.5,41596.5
scenario_avg_avg_min,LR1,2040,1177097.330596103,405369.3098291855,102753.0785334733
scenario_avg_avg_avg,LR1,2030,598352.5452238852,297382.5,41596.5
scenario_avg_avg_avg,LR1,2040,1177943.982795133,405369.3098291855,102677.3780584036
scenario_avg_avg_high,LR1,2030,598352.5452238852,297382.5,41596.5
scenario_avg_avg_high,LR1,2040,1177966.373542868,405369.3098291855,102710.2711570652
scenario_avg_high_min,LR1,2030,598352.5452238852,297382.5,41596.5
scenario_avg_high_min,LR1,2040,1175035.724544076,409121.6869640037,101603.3912743316
scenario_avg_high_avg,LR1,2030,598352.5452238852,297382.5,41596.5
scenario_avg_high_avg,LR1,2040,1175035.724544082,409121.6869640038,101603.3912743315
scenario_avg_high_high,LR1,2030,598352.5452238852,297382.5,41596.5
scenario_avg_high_high,LR1,2040,1175043.885985204,409121.6869640038,101635.911382195
scenario_high_min_min,LR1,2030,598352.5452238852,297382.5,41596.5
scenario_high_min_min,LR1,2040,1189593.224786661,408584.9334608522,99976.69791077783
scenario_high_min_avg,LR1,2030,598352.5452238852,297382.5,41596.5
scenario_high_min_avg,LR1,2040,1191509.201199052,408560.5122078879,99976.6979107778
scenario_high_min_high,LR1,2030,598352.5452238852,297382.5,41596.5
scenario_high_min_high,LR1,2040,1191285.07324309,408641.6592877961,99976.69791077783
scenario_high_avg_min,LR1,2030,598352.5452238852,297382.5,41596.5
scenario_high_avg_min,LR1,2040,1177943.982795128,405369.3098291855,102677.3780584035
scenario_high_avg_avg,LR1,2030,598352.5452238852,297382.5,41596.5
scenario_high_avg_avg,LR1,2040,1178001.776268421,405265.44133011,102737.0854221265
scenario_high_avg_high,LR1,2030,598352.5452238852,297382.5,41596.5
scenario_high_avg_high,LR1,2040,1177966.373542879,405369.3098291855,102710.2711570654
scenario_high_high_min,LR1,2030,598352.5452238852,297382.5,41596.5
scenario_high_high_min,LR1,2040,1175035.724544075,409121.6869640033,101603.3912743316
scenario_high_high_avg,LR1,2030,598352.5452238852,297382.5,41596.5
scenario_high_high_avg,LR1,2040,1175035.724544082,409121.6869640037,101603.3912743315
scenario_high_high_high,LR1,2030,598352.5452238852,297382.5,41596.5
scenario_high_high_high,LR1,2040,1175043.885985205,409121.6869640038,101635.911382195
scenario_min_min_min,LR3_5,2030,598352.5452238849,297382.5,41596.5
scenario_min_min_min,LR3_5,2040,1183515.417510393,400287.7200747646,99976.69791077782
scenario_min_min_avg,LR3_5,2030,598352.545223885,297382.5,41596.5
scenario_min_min_avg,LR3_5,2040,1179796.524514579,400754.9037354289,99976.69791077782
scenario_min_min_high,LR3_5,2030,598352.545223885,297382.5,41596.5
scenario_min_min_high,LR3_5,2040,1179796.524514579,400754.9037354286,99976.6979107778
scenario_min_avg_min,LR3_5,2030,598352.545223885,297382.5,41596.5
scenario_min_avg_min,LR3_5,2040,1180193.671636122,403007.6539982408,98403.96377349347
scenario_min_avg_avg,LR3_5,2030,598352.5452238849,297382.5,41596.5
scenario_min_avg_avg,LR3_5,2040,1179438.341794796,403237.5022309187,98403.96377349358
scenario_min_avg_high,LR3_5,2030,598352.545223885,297382.5,41596.5
scenario_min_avg_high,LR3_5,2040,1179438.341794796,403237.5022309188,98403.96377349345
scenario_min_high_min,LR3_5,2030,598352.5452238849,297382.5,41596.5
scenario_min_high_min,LR3_5,2040,1179044.039830048,407987.9752942742,96988.51028896894
scenario_min_high_avg,LR3_5,2030,598352.5452238852,297382.5,41596.5
scenario_min_high_avg,LR3_5,2040,1178259.952396223,408310.0259740753,96988.51028896899
scenario_min_high_high,LR3_5,2030,598352.5452238852,297382.5,41596.5
scenario_min_high_high,LR3_5,2040,1178259.952396223,408310.0259740755,96988.51028896887
scenario_avg_min_min,LR3_5,2030,598352.545223885,297382.5,41596.5
scenario_avg_min_min,LR3_5,2040,1193452.971859719,400753.4413397819,99976.69791077758
scenario_avg_min_avg,LR3_5,2030,598352.545223885,297382.5,41596.5
scenario_avg_min_avg,LR3_5,2040,1193466.609673547,400919.4581391111,99976.6979107778
scenario_avg_min_high,LR3_5,2030,598352.545223885,297382.5,41596.5
scenario_avg_min_high,LR3_5,2040,1193481.811633509,401106.393899712,99976.69791077782
scenario_avg_avg_min,LR3_5,2030,598352.5452238849,297382.5,41596.5
scenario_avg_avg_min,LR3_5,2040,1192673.976649818,403260.9834329492,98403.96377349347
scenario_avg_avg_avg,LR3_5,2030,598352.5452238849,297382.5,41596.5
scenario_avg_avg_avg,LR3_5,2040,1192755.899272158,403420.8931346412,98403.96377349348
scenario_avg_avg_high,LR3_5,2030,598352.545223885,297382.5,41596.5
scenario_avg_avg_high,LR3_5,2040,1192755.899272157,403420.8931346412,98403.96377349345
scenario_avg_high_min,LR3_5,2030,598352.5452238852,297382.5,41596.5
scenario_avg_high_min,LR3_5,2040,1173340.176657181,408677.8885111958,96988.51028896902
scenario_avg_high_avg,LR3_5,2030,598352.5452238852,297382.5,41596.5
scenario_avg_high_avg,LR3_5,2040,1173340.176657182,408835.2383930568,96988.51028896893
scenario_avg_high_high,LR3_5,2030,598352.5452238852,297382.5,41596.5
scenario_avg_high_high,LR3_5,2040,1173340.176657182,408835.238393057,96988.51028896893
scenario_high_min_min,LR3_5,2030,598352.5452238852,297382.5,41596.5
scenario_high_min_min,LR3_5,2040,1188368.792412865,403054.805536331,99976.69791077767
scenario_high_min_avg,LR3_5,2030,598352.5452238852,297382.5,41596.5
scenario_high_min_avg,LR3_5,2040,1188368.792412861,403213.7601700865,99976.6979107778
scenario_high_min_high,LR3_5,2030,598352.5452238852,297382.5,41596.5
scenario_high_min_high,LR3_5,2040,1188368.792412864,403213.7601700865,99976.6979107778
scenario_high_avg_min,LR3_5,2030,598352.5452238852,297382.5,41596.5
scenario_high_avg_min,LR3_5,2040,1190880.979734115,405382.6270001289,98403.9637734933
scenario_high_avg_avg,LR3_5,2030,598352.5452238852,297382.5,41596.5
scenario_high_avg_avg,LR3_5,2040,1190908.358822162,405543.8692922932,98403.96377349348
scenario_high_avg_high,LR3_5,2030,598352.5452238852,297382.5,41596.5
scenario_high_avg_high,LR3_5,2040,1190908.358822284,405543.8692922873,98403.96377349348
scenario_high_high_min,LR3_5,2030,598352.5452238852,297382.5,41596.5
scenario_high_high_min,LR3_5,2040,1177234.849830847,409121.6869640037,97950.08703021416
scenario_high_high_avg,LR3_5,2030,598352.5452238852,297382.5,41596.5
scenario_high_high_avg,LR3_5,2040,1177286.107784739,409121.6869640037,98051.4504671915
scenario_high_high_high,LR3_5,2030,598352.5452238852,297382.5,41596.5
scenario_high_high_high,LR3_5,2040,1177286.107784747,409121.6869640037,98051.45046719155
scenario_min_min_min,LR4,2030,598352.545223885,297382.5,41596.5
scenario_min_min_min,LR4,2040,1185529.398144523,398786.2734914311,99976.69791077782
scenario_min_min_avg,LR4,2030,598352.545223885,297382.5,41596.5
scenario_min_min_avg,LR4,2040,1185385.25870174,399056.7884135976,99976.69791077785
scenario_min_min_high,LR4,2030,598352.545223885,297382.5,41596.5
scenario_min_min_high,LR4,2040,1185385.258701693,399056.7884136018,99976.6979107778
scenario_min_avg_min,LR4,2030,598352.545223885,297382.5,41596.5
scenario_min_avg_min,LR4,2040,1194943.811805977,401887.7740070596,97419.81967551833
scenario_min_avg_avg,LR4,2030,598352.5452238852,297382.5,41596.5
scenario_min_avg_avg,LR4,2040,1194943.811805977,400957.7399951426,98198.24836010867
scenario_min_avg_high,LR4,2030,598352.545223885,297382.5,41596.5
scenario_min_avg_high,LR4,2040,1194943.811805977,400957.7399951426,98198.24836010864
scenario_min_high_min,LR4,2030,598352.5452238852,297382.5,41596.5
scenario_min_high_min,LR4,2040,1187429.503928134,405569.8906872786,96988.51028896903
scenario_min_high_avg,LR4,2030,598352.545223885,297382.5,41596.5
scenario_min_high_avg,LR4,2040,1190769.196318286,405596.6248514781,96988.51028896916
scenario_min_high_high,LR4,2030,598352.5452238852,297382.5,41596.5
scenario_min_high_high,LR4,2040,1190769.196318287,405596.6248514783,96988.51028896903
scenario_avg_min_min,LR4,2030,598352.5452238852,297382.5,41596.5
scenario_avg_min_min,LR4,2040,1194266.586022603,399506.9782361689,99976.69791077769
scenario_avg_min_avg,LR4,2030,598352.5452238852,297382.5,41596.5
scenario_avg_min_avg,LR4,2040,1194279.114279289,399690.5986217028,99976.69791077772
scenario_avg_min_high,LR4,2030,598352.5452238852,297382.5,41596.5
scenario_avg_min_high,LR4,2040,1194279.114279311,399690.5986217013,99976.6979107777
scenario_avg_avg_min,LR4,2030,598352.5452238852,297382.5,41596.5
scenario_avg_avg_min,LR4,2040,1196934.626893717,403207.235980486,97419.81967551832
scenario_avg_avg_avg,LR4,2030,598352.5452238852,297382.5,41596.5
scenario_avg_avg_avg,LR4,2040,1196481.007935369,401629.3800059084,98537.86965641304
scenario_avg_avg_high,LR4,2030,598352.5452238852,297382.5,41596.5
scenario_avg_avg_high,LR4,2040,1195569.114121907,402353.3202991944,98198.24836010866
scenario_avg_high_min,LR4,2030,598352.5452238852,297382.5,41596.5
scenario_avg_high_min,LR4,2040,1177335.713836838,407181.2381141136,96988.51028896893
scenario_avg_high_avg,LR4,2030,598352.5452238852,297382.5,41596.5
scenario_avg_high_avg,LR4,2040,1177443.285058368,407352.306597776,96988.51028896894
scenario_avg_high_high,LR4,2030,598352.5452238852,297382.5,41596.5
scenario_avg_high_high,LR4,2040,1177443.285058366,407352.3065977762,96988.51028896894
scenario_high_min_min,LR4,2030,598352.5452238852,297382.5,41596.5
scenario_high_min_min,LR4,2040,1188368.792412865,402081.4699748107,99976.69791077783
scenario_high_min_avg,LR4,2030,598352.545223885,297382.5,41596.5
scenario_high_min_avg,LR4,2040,1188368.792412865,402255.9132975382,99976.69791077796
scenario_high_min_high,LR4,2030,598352.5452238852,297382.5,41596.5
scenario_high_min_high,LR4,2040,1188368.792412865,402831.1892915441,99594.1694045606
scenario_high_avg_min,LR4,2030,598352.5452238852,297382.5,41596.5
scenario_high_avg_min,LR4,2040,1193586.238372054,405684.0739887854,97419.81967551849
scenario_high_avg_avg,LR4,2030,598352.5452238852,297382.5,41596.5
scenario_high_avg_avg,LR4,2040,1192072.845820097,404804.366153018,98198.24836010866
scenario_high_avg_high,LR4,2030,598352.5452238852,297382.5,41596.5
scenario_high_avg_high,LR4,2040,1192249.235813156,404980.605328031,98071.99333719081
scenario_high_high_min,LR4,2030,598352.5452238852,297382.5,41596.5
scenario_high_high_min,LR4,2040,1173340.176657182,409121.6869640036,97319.80938447517
scenario_high_high_avg,LR4,2030,598352.5452238852,297382.5,41596.5
scenario_high_high_avg,LR4,2040,1173340.176657182,409121.6869640037,97431.05114068379
scenario_high_high_high,LR4,2030,598352.5452238852,297382.5,41596.5
scenario_high_high_high,LR4,2040,1173340.176657182,409121.6869640037,97431.05114068385
scenario_min_min_min,LR5,2030,598352.545223885,297382.5,41596.5
scenario_min_min_min,LR5,2040,1190839.664277466,397140.7615146745,99027.52980084736
scenario_min_min_avg,LR5,2030,598352.5452238852,297382.5,41596.5
scenario_min_min_avg,LR5,2040,1189916.765647287,397140.7615146748,99422.5355611254
scenario_min_min_high,LR5,2030,598352.5452238852,297382.5,41596.5
scenario_min_min_high,LR5,2040,1189916.765647288,397140.7615146748,99422.5355611253
scenario_min_avg_min,LR5,2030,598352.545223885,297382.5,41596.5
scenario_min_avg_min,LR5,2040,1202885.037512817,398590.0568918753,97931.42319986752
scenario_min_avg_avg,LR5,2030,598352.5452238852,297382.5,41596.5
scenario_min_avg_avg,LR5,2040,1200297.956637705,398840.7213660026,97931.42319986754
scenario_min_avg_high,LR5,2030,598352.545223885,297382.5,41596.5
scenario_min_avg_high,LR5,2040,1201388.797772097,398703.478640178,97931.42319986754
scenario_min_high_min,LR5,2030,598352.5452238852,297382.5,41596.5
scenario_min_high_min,LR5,2040,1184089.811537983,403738.3190626192,96494.31962753068
scenario_min_high_avg,LR5,2030,598352.5452238852,297382.5,41596.5
scenario_min_high_avg,LR5,2040,1190769.196318286,404066.2042038174,96328.93202674361
scenario_min_high_high,LR5,2030,598352.545223885,297382.5,41596.5
scenario_min_high_high,LR5,2040,1190769.196318287,404066.2042038175,96328.93202674344
scenario_avg_min_min,LR5,2030,598352.5452238852,297382.5,41596.5
scenario_avg_min_min,LR5,2040,1189087.03923047,397864.2301100391,99987.23483893188
scenario_avg_min_avg,LR5,2030,598352.5452238852,297382.5,41596.5
scenario_avg_min_avg,LR5,2040,1188543.215463088,398130.6898750493,99987.2348389317
scenario_avg_min_high,LR5,2030,598352.545223885,297382.5,41596.5
scenario_avg_min_high,LR5,2040,1188543.215463088,398130.6898750492,99987.23483893191
scenario_avg_avg_min,LR5,2030,598352.545223885,297382.5,41596.5
scenario_avg_avg_min,LR5,2040,1199998.311196156,398590.0568918755,97931.42319986754
scenario_avg_avg_avg,LR5,2030,598352.5452238852,297382.5,41596.5
scenario_avg_avg_avg,LR5,2040,1200406.835403418,398840.7213660029,97931.42319986751
scenario_avg_avg_high,LR5,2030,598352.545223885,297382.5,41596.5
scenario_avg_avg_high,LR5,2040,1200406.835403396,398840.7213660027,97931.42319986752
scenario_avg_high_min,LR5,2030,598352.5452238852,297382.5,41596.5
scenario_avg_high_min,LR5,2040,1190384.434470682,403775.2216724022,96817.17206804875
scenario_avg_high_avg,LR5,2030,598352.545223885,297382.5,41596.5
scenario_avg_high_avg,LR5,2040,1190404.186541329,404114.6804878422,96753.03987972703
scenario_avg_high_high,LR5,2030,598352.5452238852,297382.5,41596.5
scenario_avg_high_high,LR5,2040,1190404.18654133,404114.6804878422,96753.03987972709
scenario_high_min_min,LR5,2030,598352.5452238852,297382.5,41596.5
scenario_high_min_min,LR5,2040,1188368.792412865,400392.9040110388,99976.6979107778
scenario_high_min_avg,LR5,2030,598352.5452238852,297382.5,41596.5
scenario_high_min_avg,LR5,2040,1188368.792412865,400577.994010856,99987.23483893188
scenario_high_min_high,LR5,2030,598352.5452238852,297382.5,41596.5
scenario_high_min_high,LR5,2040,1188368.792412865,400577.9940108559,99987.2348389319
scenario_high_avg_min,LR5,2030,598352.5452238852,297382.5,41596.5
scenario_high_avg_min,LR5,2040,1196240.494193874,402833.3132732676,97931.42319986754
scenario_high_avg_avg,LR5,2030,598352.5452238852,297382.5,41596.5
scenario_high_avg_avg,LR5,2040,1196367.438432768,403040.1130557361,97931.42319986755
scenario_high_avg_high,LR5,2030,598352.5452238852,297382.5,41596.5
scenario_high_avg_high,LR5,2040,1196314.855058389,403043.9622256219,97931.42319986755
scenario_high_high_min,LR5,2030,598352.5452238852,297382.5,41596.5
scenario_high_high_min,LR5,2040,1177825.527450243,407416.1947187274,96988.51028896894
scenario_high_high_avg,LR5,2030,598352.5452238852,297382.5,41596.5
scenario_high_high_avg,LR5,2040,1173340.176657182,408008.0976787853,96988.51028896894
scenario_high_high_high,LR5,2030,598352.545223885,297382.5,41596.5
scenario_high_high_high,LR5,2040,1173340.176657181,408008.0976787854,96988.51028896893
scenario_min_min_min,LR6,2030,598352.5452238849,297382.5,41596.5
scenario_min_min_min,LR6,2040,1162360.988855148,397140.7615146748,99442.3061389423
scenario_min_min_avg,LR6,2030,598352.545223885,297382.5,41596.5
scenario_min_min_avg,LR6,2040,1172547.021789828,398014.3387609585,99027.52980084738
scenario_min_min_high,LR6,2030,598352.5452238852,297382.5,41596.5
scenario_min_min_high,LR6,2040,1172547.021789828,398014.3387609586,99027.52980084735
scenario_min_avg_min,LR6,2030,598352.5452238852,297382.5,41596.5
scenario_min_avg_min,LR6,2040,1203732.936319096,396410.1854941829,97931.42319986754
scenario_min_avg_avg,LR6,2030,598352.5452238852,297382.5,41596.5
scenario_min_avg_avg,LR6,2040,1203375.365303161,396729.1668289066,97931.42319986755
scenario_min_avg_high,LR6,2030,598352.545223885,297382.5,41596.5
scenario_min_avg_high,LR6,2040,1203375.365303161,396729.1668289066,97931.4231998676
scenario_min_high_min,LR6,2030,598352.545223885,297382.5,41596.5
scenario_min_high_min,LR6,2040,1181866.420695299,400670.5818484221,96988.51028896903
scenario_min_high_avg,LR6,2030,598352.5452238852,297382.5,41596.5
scenario_min_high_avg,LR6,2040,1190769.196318287,400825.2070290856,96964.23287819746
scenario_min_high_high,LR6,2030,598352.545223885,297382.5,41596.5
scenario_min_high_high,LR6,2040,1190769.196318286,400825.2070290854,96964.23287819746
scenario_avg_min_min,LR6,2030,598352.545223885,297382.5,41596.5
scenario_avg_min_min,LR6,2040,1184257.001027339,397140.7615146749,99690.16937331835
scenario_avg_min_avg,LR6,2030,598352.545223885,297382.5,41596.5
scenario_avg_min_avg,LR6,2040,1173340.176657182,397903.8389151896,99027.52980084735
scenario_avg_min_high,LR6,2030,598352.545223885,297382.5,41596.5
scenario_avg_min_high,LR6,2040,1173340.176657182,397903.8389151894,99027.52980084725
scenario_avg_avg_min,LR6,2030,598352.5452238852,297382.5,41596.5
scenario_avg_avg_min,LR6,2040,1203616.851746356,396452.1740817436,97931.42319986754
scenario_avg_avg_avg,LR6,2030,598352.545223885,297382.5,41596.5
scenario_avg_avg_avg,LR6,2040,1203600.752446929,396729.1668289065,97931.42319986755
scenario_avg_avg_high,LR6,2030,598352.545223885,297382.5,41596.5
scenario_avg_avg_high,LR6,2040,1203600.752446927,396729.1668289068,97931.42319986754
scenario_avg_high_min,LR6,2030,598352.545223885,297382.5,41596.5
scenario_avg_high_min,LR6,2040,1192827.338073321,400670.5818484222,96988.51028896896
scenario_avg_high_avg,LR6,2030,598352.545223885,297382.5,41596.5
scenario_avg_high_avg,LR6,2040,1192904.152916011,400872.8098852069,96988.51028896894
scenario_avg_high_high,LR6,2030,598352.5452238849,297382.5,41596.5
scenario_avg_high_high,LR6,2040,1192904.152916003,400872.809885207,96988.51028896886
scenario_high_min_min,LR6,2030,598352.545223885,297382.5,41596.5
scenario_high_min_min,LR6,2040,1172228.329409909,400030.8686470353,99252.78518603648
scenario_high_min_avg,LR6,2030,598352.545223885,297382.5,41596.5
scenario_high_min_avg,LR6,2040,1172386.291363957,400030.8686470352,99378.04578231883
scenario_high_min_high,LR6,2030,598352.545223885,297382.5,41596.5
scenario_high_min_high,LR6,2040,1172386.291363957,400030.8686470351,99378.04578231885
scenario_high_avg_min,LR6,2030,598352.5452238852,297382.5,41596.5
scenario_high_avg_min,LR6,2040,1195209.455297406,401240.4416839797,97931.42319986755
scenario_high_avg_avg,LR6,2030,598352.5452238852,297382.5,41596.5
scenario_high_avg_avg,LR6,2040,1195331.720274595,401464.5110630206,97931.42319986755
scenario_high_avg_high,LR6,2030,598352.545223885,297382.5,41596.5
scenario_high_avg_high,LR6,2040,1195331.720274595,401464.5110630209,97931.42319986755
scenario_high_high_min,LR6,2030,598352.545223885,297382.5,41596.5
scenario_high_high_min,LR6,2040,1190665.642649147,404514.5094054135,96850.45633213864
scenario_high_high_avg,LR6,2030,598352.5452238849,297382.5,41596.5
scenario_high_high_avg,LR6,2040,1190599.727165644,404577.5549326041,96988.51028896887
scenario_high_high_high,LR6,2030,598352.5452238852,297382.5,41596.5
scenario_high_high_high,LR6,2040,1190599.727165644,404577.554932604,96988.51028896893
scenario_min_min_min,LR7,2030,598352.5452238852,297382.5,41596.5
scenario_min_min_min,LR7,2040,1165553.108095397,398516.5666343063,96379.33719247166
scenario_min_min_avg,LR7,2030,598352.5452238852,297382.5,41596.5
scenario_min_min_avg,LR7,2040,1165594.1439417,398813.1843334126,96379.33719247168
scenario_min_min_high,LR7,2030,598352.5452238852,297382.5,41596.5
scenario_min_min_high,LR7,2040,1165594.143941706,398813.184333413,96379.33719247155
scenario_min_avg_min,LR7,2030,598352.5452238852,297382.5,41596.5
scenario_min_avg_min,LR7,2040,1216899.864481319,399765.7297674455,93808.38111862676
scenario_min_avg_avg,LR7,2030,598352.5452238852,297382.5,41596.5
scenario_min_avg_avg,LR7,2040,1216897.895166813,400061.5576367686,93808.38111862674
scenario_min_avg_high,LR7,2030,598352.5452238852,297382.5,41596.5
scenario_min_avg_high,LR7,2040,1216897.895166812,400061.5576367688,93808.38111862676
scenario_min_high_min,LR7,2030,598352.5452238852,297382.5,41596.5
scenario_min_high_min,LR7,2040,1215494.772813397,388256.1731026166,101212.7986040574
scenario_min_high_avg,LR7,2030,598352.5452238852,297382.5,41596.5
scenario_min_high_avg,LR7,2040,1215481.522892137,388554.971304052,101212.7986040574
scenario_min_high_high,LR7,2030,598352.5452238852,297382.5,41596.5
scenario_min_high_high,LR7,2040,1215481.522892135,388554.9713040519,101212.7986040574
scenario_avg_min_min,LR7,2030,598352.5452238852,297382.5,41596.5
scenario_avg_min_min,LR7,2040,1169682.963577634,398516.5666343063,96379.33719247168
scenario_avg_min_avg,LR7,2030,598352.5452238852,297382.5,41596.5
scenario_avg_min_avg,LR7,2040,1165428.973256173,397309.8449495818,97359.83190457814
scenario_avg_min_high,LR7,2030,598352.5452238852,297382.5,41596.5
scenario_avg_min_high,LR7,2040,1165428.973256133,397309.844949603,97359.83190457828
scenario_avg_avg_min,LR7,2030,598352.5452238852,297382.5,41596.5
scenario_avg_avg_min,LR7,2040,1202850.986618748,399765.7297674456,93808.38111862674
scenario_avg_avg_avg,LR7,2030,598352.5452238852,297382.5,41596.5
scenario_avg_avg_avg,LR7,2040,1202849.006721052,400061.5576367688,93808.38111862677
scenario_avg_avg_high,LR7,2030,598352.5452238852,297382.5,41596.5
scenario_avg_avg_high,LR7,2040,1202849.006721052,400061.5576367687,93808.38111862676
scenario_avg_high_min,LR7,2030,598352.5452238852,297382.5,41596.5
scenario_avg_high_min,LR7,2040,1201441.168766177,388256.1731026166,101212.7986040574
scenario_avg_high_avg,LR7,2030,598352.5452238852,297382.5,41596.5
scenario_avg_high_avg,LR7,2040,1201427.851588415,388554.9713040532,101212.7986040574
scenario_avg_high_high,LR7,2030,598352.5452238852,297382.5,41596.5
scenario_avg_high_high,LR7,2040,1201427.851588419,388554.9713040518,101212.7986040575
scenario_high_min_min,LR7,2030,598352.5452238852,297382.5,41596.5
scenario_high_min_min,LR7,2040,1163950.219352558,401745.4092964018,96379.33719247166
scenario_high_min_avg,LR7,2030,598352.5452238852,297382.5,41596.5
scenario_high_min_avg,LR7,2040,1164076.17119409,402042.0269955082,96379.33719247168
scenario_high_min_high,LR7,2030,598352.5452238852,297382.5,41596.5
scenario_high_min_high,LR7,2040,1164076.171194089,402042.0269955086,96379.33719247149
scenario_high_avg_min,LR7,2030,598352.5452238852,297382.5,41596.5
scenario_high_avg_min,LR7,2040,1203266.204155797,402733.6465957729,93964.6361903994
scenario_high_avg_avg,LR7,2030,598352.5452238852,297382.5,41596.5
scenario_high_avg_avg,LR7,2040,1200264.732185075,403028.9771874666,93964.63619039941
scenario_high_avg_high,LR7,2030,598352.5452238852,297382.5,41596.5
scenario_high_avg_high,LR7,2040,1200264.732185075,403028.9771874666,93964.63619039943
scenario_high_high_min,LR7,2030,598352.5452238852,297382.5,41596.5
scenario_high_high_min,LR7,2040,1199710.905144384,391508.7517014598,101212.7986040574
scenario_high_high_avg,LR7,2030,598352.5452238852,297382.5,41596.5
scenario_high_high_avg,LR7,2040,1199697.59750263,391807.5499028952,101212.7986040574
scenario_high_high_high,LR7,2030,598352.5452238852,297382.5,41596.5
scenario_high_high_high,LR7,2040,1199697.597502628,391807.5499028952,101212.7986040574
scenario_min_min_min,LR8,2030,598352.5452238849,297382.5,41596.5
scenario_min_min_min,LR8,2040,1155829.215980873,400500.2708734304,95620.21128315927
scenario_min_min_avg,LR8,2030,598352.5452238852,297382.5,41596.5
scenario_min_min_avg,LR8,2040,1171227.699640746,395038.7906305278,99108.7779411011
scenario_min_min_high,LR8,2030,598352.5452238852,297382.5,41596.5
scenario_min_min_high,LR8,2040,1172547.021789828,400500.2708734305,95775.32750920152
scenario_min_avg_min,LR8,2030,598352.5452238852,297382.5,41596.5
scenario_min_avg_min,LR8,2040,1201813.91735833,394637.2437229116,96744.69215937283
scenario_min_avg_avg,LR8,2030,598352.5452238852,297382.5,41596.5
scenario_min_avg_avg,LR8,2040,1201813.917358332,394947.6722286585,96744.69215937286
scenario_min_avg_high,LR8,2030,598352.5452238852,297382.5,41596.5
scenario_min_avg_high,LR8,2040,1201813.91735833,394947.6722286585,96744.69215937283
scenario_min_high_min,LR8,2030,598352.5452238852,297382.5,41596.5
scenario_min_high_min,LR8,2040,1182370.705716809,396822.342747615,96988.51028896896
scenario_min_high_avg,LR8,2030,598352.5452238852,297382.5,41596.5
scenario_min_high_avg,LR8,2040,1194943.811805976,397140.921036582,96988.51028896894
scenario_min_high_high,LR8,2030,598352.5452238852,297382.5,41596.5
scenario_min_high_high,LR8,2040,1194943.811805977,397140.9210365819,96988.51028896894
scenario_avg_min_min,LR8,2030,598352.545223885,297382.5,41596.5
scenario_avg_min_min,LR8,2040,1154760.410925707,394592.0367902554,99233.80864959992
scenario_avg_min_avg,LR8,2030,598352.5452238852,297382.5,41596.5
scenario_avg_min_avg,LR8,2040,1163349.735822918,395707.0282518095,98881.981138878
scenario_avg_min_high,LR8,2030,598352.5452238852,297382.5,41596.5
scenario_avg_min_high,LR8,2040,1162670.62783622,400500.2708734305,96117.21304709921
scenario_avg_avg_min,LR8,2030,598352.5452238852,297382.5,41596.5
scenario_avg_avg_min,LR8,2040,1196981.636578879,394637.2437229115,96744.69215937282
scenario_avg_avg_avg,LR8,2030,598352.5452238852,297382.5,41596.5
scenario_avg_avg_avg,LR8,2040,1200238.611698052,394947.6722286584,96744.69215937283
scenario_avg_avg_high,LR8,2030,598352.5452238852,297382.5,41596.5
scenario_avg_avg_high,LR8,2040,1200428.442366747,394947.6722286584,96744.69215937282
scenario_avg_high_min,LR8,2030,598352.5452238852,297382.5,41596.5
scenario_avg_high_min,LR8,2040,1181866.420695298,396822.3427476151,96988.51028896889
scenario_avg_high_avg,LR8,2030,598352.5452238852,297382.5,41596.5
scenario_avg_high_avg,LR8,2040,1184928.189230116,396998.3542845928,96988.51028896903
scenario_avg_high_high,LR8,2030,598352.5452238852,297382.5,41596.5
scenario_avg_high_high,LR8,2040,1184928.189230115,396998.3542845929,96988.51028896893
scenario_high_min_min,LR8,2030,598352.5452238852,297382.5,41596.5
scenario_high_min_min,LR8,2040,1169572.949484719,396122.1537155267,100089.8158935256
scenario_high_min_avg,LR8,2030,598352.5452238852,297382.5,41596.5
scenario_high_min_avg,LR8,2040,1169496.807185475,398570.0104931954,98729.4036291239
scenario_high_min_high,LR8,2030,598352.5452238852,297382.5,41596.5
scenario_high_min_high,LR8,2040,1168711.79858129,400500.2708734303,97730.95875960082
scenario_high_avg_min,LR8,2030,598352.5452238852,297382.5,41596.5
scenario_high_avg_min,LR8,2040,1199564.039637892,396387.4560968833,98724.87738956966
scenario_high_avg_avg,LR8,2030,598352.5452238852,297382.5,41596.5
scenario_high_avg_avg,LR8,2040,1200054.108750882,396387.4560968833,98861.68170896788
scenario_high_avg_high,LR8,2030,598352.5452238852,297382.5,41596.5
scenario_high_avg_high,LR8,2040,1200054.108750881,396387.4560968832,98861.6817089681
scenario_high_high_min,LR8,2030,598352.5452238852,297382.5,41596.5
scenario_high_high_min,LR8,2040,1194943.811805976,400167.9052066769,96988.51028896902
scenario_high_high_avg,LR8,2030,598352.5452238852,297382.5,41596.5
scenario_high_high_avg,LR8,2040,1194943.811805977,400486.4834956438,96988.51028896913
scenario_high_high_high,LR8,2030,598352.5452238852,297382.5,41596.5
scenario_high_high_high,LR8,2040,1194943.811805977,400486.4834956439,96988.51028896893
scenario_min_min_min,LR9,2030,598352.5452238852,297382.5,41596.5
scenario_min_min_min,LR9,2040,1154809.576864445,401211.0040971184,94551.4471600081
scenario_min_min_avg,LR9,2030,598352.5452238852,297382.5,41596.5
scenario_min_min_avg,LR9,2040,1171505.406980181,401211.0040971184,94539.173088679
scenario_min_min_high,LR9,2030,598352.5452238852,297382.5,41596.5
scenario_min_min_high,LR9,2040,1172052.134981741,393350.6273287575,99436.80377660763
scenario_min_avg_min,LR9,2030,598352.5452238852,297382.5,41596.5
scenario_min_avg_min,LR9,2040,1201692.147260337,393127.0009288031,96744.69215937286
scenario_min_avg_avg,LR9,2030,598352.5452238852,297382.5,41596.5
scenario_min_avg_avg,LR9,2040,1201692.147260336,393127.0009288032,96744.69215937282
scenario_min_avg_high,LR9,2030,598352.5452238852,297382.5,41596.5
scenario_min_avg_high,LR9,2040,1201692.147260337,393447.9389285182,96744.69215937282
scenario_min_high_min,LR9,2030,598352.5452238852,297382.5,41596.5
scenario_min_high_min,LR9,2040,1191414.761788764,395239.8692986392,96988.510288969
scenario_min_high_avg,LR9,2030,598352.5452238852,297382.5,41596.5
scenario_min_high_avg,LR9,2040,1194943.811805976,395239.8692986395,96988.51028896892
scenario_min_high_high,LR9,2030,598352.5452238852,297382.5,41596.5
scenario_min_high_high,LR9,2040,1194943.811805977,395569.0477444265,96988.51028896896
scenario_avg_min_min,LR9,2030,598352.5452238852,297382.5,41596.5
scenario_avg_min_min,LR9,2040,1154809.576864444,401211.0040971183,94551.44716000823
scenario_avg_min_avg,LR9,2030,598352.5452238852,297382.5,41596.5
scenario_avg_min_avg,LR9,2040,1168390.730541931,401211.0040971184,94743.88471036169
scenario_avg_min_high,LR9,2030,598352.5452238852,297382.5,41596.5
scenario_avg_min_high,LR9,2040,1168390.73054193,401211.0040971183,94743.88471036164
scenario_avg_avg_min,LR9,2030,598352.5452238852,297382.5,41596.5
scenario_avg_avg_min,LR9,2040,1200808.830194631,396387.4560968833,94679.19570040876
scenario_avg_avg_avg,LR9,2030,598352.5452238852,297382.5,41596.5
scenario_avg_avg_avg,LR9,2040,1200296.866763853,393127.0009288031,96744.69215937285
scenario_avg_avg_high,LR9,2030,598352.5452238852,297382.5,41596.5
scenario_avg_avg_high,LR9,2040,1200296.866763859,393447.9389285161,96744.6921593728
scenario_avg_high_min,LR9,2030,598352.5452238852,297382.5,41596.5
scenario_avg_high_min,LR9,2040,1180807.384795065,392551.9416158091,98567.91662609285
scenario_avg_high_avg,LR9,2030,598352.5452238852,297382.5,41596.5
scenario_avg_high_avg,LR9,2040,1190769.196318287,395142.9473638807,96988.51028896892
scenario_avg_high_high,LR9,2030,598352.5452238852,297382.5,41596.5
scenario_avg_high_high,LR9,2040,1190769.196318287,395436.4660319216,96988.51028896896
scenario_high_min_min,LR9,2030,598352.5452238852,297382.5,41596.5
scenario_high_min_min,LR9,2040,1169785.753488304,401211.0040971184,96308.68072551841
scenario_high_min_avg,LR9,2030,598352.5452238852,297382.5,41596.5
scenario_high_min_avg,LR9,2040,1169630.431100924,401211.0040971185,96488.71186308528
scenario_high_min_high,LR9,2030,598352.5452238852,297382.5,41596.5
scenario_high_min_high,LR9,2040,1170370.391916977,396162.2921878073,99436.80377660766
scenario_high_avg_min,LR9,2030,598352.5452238852,297382.5,41596.5
scenario_high_avg_min,LR9,2040,1189580.067125484,396387.4560968833,98685.8876242949
scenario_high_avg_avg,LR9,2030,598352.5452238852,297382.5,41596.5
scenario_high_avg_avg,LR9,2040,1189580.067125484,396387.4560968833,98685.88762429482
scenario_high_avg_high,LR9,2030,598352.5452238852,297382.5,41596.5
scenario_high_avg_high,LR9,2040,1191136.394319678,396387.4560968833,98724.87738956945
scenario_high_high_min,LR9,2030,598352.5452238852,297382.5,41596.5
scenario_high_high_min,LR9,2040,1194943.811805977,398573.4965732156,96988.51028896887
scenario_high_high_avg,LR9,2030,598352.5452238852,297382.5,41596.5
scenario_high_high_avg,LR9,2040,1194943.811805977,398573.4965732156,96988.51028896899
scenario_high_high_high,LR9,2030,598352.5452238852,297382.5,41596.5
scenario_high_high_high,LR9,2040,1194943.811805977,398902.6750190026,96988.51028896894
scenario_min_min_min,LR10,2030,598352.5452238852,297382.5,41596.5
scenario_min_min_min,LR10,2040,1153325.226497181,401211.0040971184,93665.6364292555
scenario_min_min_avg,LR10,2030,598352.5452238852,297382.5,41596.5
scenario_min_min_avg,LR10,2040,1173135.079005696,401211.0040971184,93664.40816068367
scenario_min_min_high,LR10,2030,598352.5452238852,297382.5,41596.5
scenario_min_min_high,LR10,2040,1172762.733275952,401211.0040971184,93877.60115493929
scenario_min_avg_min,LR10,2030,598352.5452238852,297382.5,41596.5
scenario_min_avg_min,LR10,2040,1201782.419014946,391803.2915097325,96744.6921593728
scenario_min_avg_avg,LR10,2030,598352.5452238852,297382.5,41596.5
scenario_min_avg_avg,LR10,2040,1201782.419014945,391803.2915097326,96744.69215937282
scenario_min_avg_high,LR10,2030,598352.5452238852,297382.5,41596.5
scenario_min_avg_high,LR10,2040,1201782.419014945,392130.7257317328,96744.69215937285
scenario_min_high_min,LR10,2030,598352.5452238852,297382.5,41596.5
scenario_min_high_min,LR10,2040,1215066.856770499,393850.7640992848,96988.51028896889
scenario_min_high_avg,LR10,2030,598352.5452238852,297382.5,41596.5
scenario_min_high_avg,LR10,2040,1213729.58150058,393850.7640992849,96988.51028896893
scenario_min_high_high,LR10,2030,598352.545223885,297382.5,41596.5
scenario_min_high_high,LR10,2040,1213729.58150058,394186.4284953686,96988.51028896896
scenario_avg_min_min,LR10,2030,598352.5452238852,297382.5,41596.5
scenario_avg_min_min,LR10,2040,1151808.479474806,401211.0040971184,93665.63642925577
scenario_avg_min_avg,LR10,2030,598352.5452238852,297382.5,41596.5
scenario_avg_min_avg,LR10,2040,1168499.073341207,401211.0040971184,93664.40816068414
scenario_avg_min_high,LR10,2030,598352.5452238852,297382.5,41596.5
scenario_avg_min_high,LR10,2040,1162578.341624319,401211.0040971183,93877.60115493932
scenario_avg_avg_min,LR10,2030,598352.5452238852,297382.5,41596.5
scenario_avg_avg_min,LR10,2040,1190813.906101611,395776.5207568366,96744.6921593728
scenario_avg_avg_avg,LR10,2030,598352.5452238852,297382.5,41596.5
scenario_avg_avg_avg,LR10,2040,1191562.632340529,395464.5514906206,96744.69215937286
scenario_avg_avg_high,LR10,2030,598352.5452238852,297382.5,41596.5
scenario_avg_avg_high,LR10,2040,1191787.91326864,395698.1186592417,96744.69215937282
scenario_avg_high_min,LR10,2030,598352.5452238852,297382.5,41596.5
scenario_avg_high_min,LR10,2040,1181866.420695299,393850.7640992849,96988.51028896892
scenario_avg_high_avg,LR10,2030,598352.5452238852,297382.5,41596.5
scenario_avg_high_avg,LR10,2040,1190769.196318287,393763.9485649603,96988.51028896899
scenario_avg_high_high,LR10,2030,598352.5452238852,297382.5,41596.5
scenario_avg_high_high,LR10,2040,1190769.196318287,394063.2313808216,96988.5102889689
scenario_high_min_min,LR10,2030,598352.5452238852,297382.5,41596.5
scenario_high_min_min,LR10,2040,1159071.696467419,401211.0040971184,95543.42908724333
scenario_high_min_avg,LR10,2030,598352.5452238852,297382.5,41596.5
scenario_high_min_avg,LR10,2040,1170810.653210305,401211.0040971184,95535.33490802394
scenario_high_min_high,LR10,2030,598352.5452238852,297382.5,41596.5
scenario_high_min_high,LR10,2040,1170612.257286386,401211.0040971183,95711.54735837436
scenario_high_avg_min,LR10,2030,598352.5452238852,297382.5,41596.5
scenario_high_avg_min,LR10,2040,1188944.488771052,396387.4560968833,98092.99289702706
scenario_high_avg_avg,LR10,2030,598352.5452238852,297382.5,41596.5
scenario_high_avg_avg,LR10,2040,1188411.395270395,396387.4560968832,98092.9928970272
scenario_high_avg_high,LR10,2030,598352.5452238852,297382.5,41596.5
scenario_high_avg_high,LR10,2040,1188568.563696956,396387.4560968833,98256.3696398131
scenario_high_high_min,LR10,2030,598352.5452238852,297382.5,41596.5
scenario_high_high_min,LR10,2040,1194943.811805977,397127.5599237307,96988.51028896892
scenario_high_high_avg,LR10,2030,598352.5452238852,297382.5,41596.5
scenario_high_high_avg,LR10,2040,1194943.811805977,397127.5599237306,96988.51028896894
scenario_high_high_high,LR10,2030,598352.5452238852,297382.5,41596.5
scenario_high_high_high,LR10,2040,1194943.811805977,397463.2243198143,96988.51028896894
