tech,year,learning_rate,scenario,Remanufacturing,Manufacturing,Stockpile
solarPV,2025,LR1,scenario_min_min_min,5.777708677119992,9.699419826880032,37.97087149599997
solarPV,2030,LR1,scenario_min_min_min,100.0,83.51099454177297,40.0
solarPV,2035,LR1,scenario_min_min_min,103.03678646686531,229.65532035558607,56.575679142297595
solarPV,2040,LR1,scenario_min_min_min,103.03678646686531,378.874772452304,56.575679142297595
solarPV,2025,LR1,scenario_min_min_avg,5.7777086771200015,9.699419826880034,37.970871495999965
solarPV,2030,LR1,scenario_min_min_avg,100.00000000000001,83.51099454177302,40.0
solarPV,2035,LR1,scenario_min_min_avg,103.03678646686528,229.65532035558618,56.57567914229761
solarPV,2040,LR1,scenario_min_min_avg,103.03678646686528,378.6853454449982,56.57567914229761
solarPV,2025,LR1,scenario_min_min_high,5.777708677119997,9.699419826880032,37.970871495999965
solarPV,2030,LR1,scenario_min_min_high,100.00000000000001,83.510994541773,40.0
solarPV,2035,LR1,scenario_min_min_high,103.03678646686528,229.65532035558618,56.57567914229761
solarPV,2040,LR1,scenario_min_min_high,103.03678646686528,378.4947373575745,56.57567914229761
solarPV,2025,LR1,scenario_min_avg_min,5.777708677120078,9.699419826879959,37.970871495999965
solarPV,2030,LR1,scenario_min_avg_min,100.0,83.51099454177303,40.0
solarPV,2035,LR1,scenario_min_avg_min,103.03678646686531,229.65532035558616,56.57567914229761
solarPV,2040,LR1,scenario_min_avg_min,103.03678646686531,374.03470657045244,58.52890453725348
solarPV,2025,LR1,scenario_min_avg_avg,5.777708677120072,9.699419826879964,37.97087149599997
solarPV,2030,LR1,scenario_min_avg_avg,100.0,83.51099454177302,40.0
solarPV,2035,LR1,scenario_min_avg_avg,103.03678646686528,229.65532035558618,56.57567914229761
solarPV,2040,LR1,scenario_min_avg_avg,103.03678646686528,374.00738731226755,58.54787624432633
solarPV,2025,LR1,scenario_min_avg_high,5.777708677119986,9.699419826880032,37.97087149599998
solarPV,2030,LR1,scenario_min_avg_high,100.00000000000001,83.51099454177302,39.99999999999999
solarPV,2035,LR1,scenario_min_avg_high,103.03678646686528,229.65532035558616,56.57567914229761
solarPV,2040,LR1,scenario_min_avg_high,103.03678646686528,374.01799139418836,58.54051229854791
solarPV,2025,LR1,scenario_min_high_min,5.777708677120078,9.699419826879963,37.970871495999965
solarPV,2030,LR1,scenario_min_high_min,100.0,83.51099454177302,40.0
solarPV,2035,LR1,scenario_min_high_min,103.03678646686528,229.65532035558618,56.57567914229761
solarPV,2040,LR1,scenario_min_high_min,103.39321322001796,370.95859393848315,60.06114853327892
solarPV,2025,LR1,scenario_min_high_avg,5.7777086771198425,9.699419826880176,37.97087149599997
solarPV,2030,LR1,scenario_min_high_avg,99.99999999999999,83.510994541773,40.0
solarPV,2035,LR1,scenario_min_high_avg,103.03678646686525,229.65532035558616,56.57567914229762
solarPV,2040,LR1,scenario_min_high_avg,103.03678646686525,371.54313381365364,60.25916339614154
solarPV,2025,LR1,scenario_min_high_high,5.777708677119921,9.699419826880268,37.97087149599983
solarPV,2030,LR1,scenario_min_high_high,100.00000000000003,83.510994541773,40.0
solarPV,2035,LR1,scenario_min_high_high,103.03678646686531,229.65532035558618,56.57567914229761
solarPV,2040,LR1,scenario_min_high_high,103.03678646686531,371.54313381365364,60.259163396141524
solarPV,2025,LR1,scenario_avg_min_min,1.0,25.6932,26.7548
solarPV,2030,LR1,scenario_avg_min_min,42.28570562645923,130.3370766499192,39.99999999999999
solarPV,2035,LR1,scenario_avg_min_min,45.32249209332463,287.36961472912674,45.687466876903095
solarPV,2040,LR1,scenario_avg_min_min,45.32249209332463,435.9522583383823,46.534924504021795
solarPV,2025,LR1,scenario_avg_min_avg,1.0,25.6932,26.7548
solarPV,2030,LR1,scenario_avg_min_avg,42.28570562645946,130.33707664991908,40.0
solarPV,2035,LR1,scenario_avg_min_avg,45.322492093324804,287.3696147291267,45.68746687690311
solarPV,2040,LR1,scenario_avg_min_avg,45.322492093324804,436.3910316954531,45.68746687690311
solarPV,2025,LR1,scenario_avg_min_high,1.0,25.6932,26.7548
solarPV,2030,LR1,scenario_avg_min_high,42.28570562645934,130.33707664991923,39.99999999999996
solarPV,2035,LR1,scenario_avg_min_high,45.32249209332461,287.3696147291269,45.687466876903066
solarPV,2040,LR1,scenario_avg_min_high,45.32249209332461,435.95608460542564,45.687466876903066
solarPV,2025,LR1,scenario_avg_avg_min,1.0,25.6932,26.7548
solarPV,2030,LR1,scenario_avg_avg_min,42.28570562645935,130.33707664991917,40.0
solarPV,2035,LR1,scenario_avg_avg_min,45.32249209332471,287.36961472912674,45.68746687690311
solarPV,2040,LR1,scenario_avg_avg_min,45.32249209332471,429.6558527514472,49.09426740557138
solarPV,2025,LR1,scenario_avg_avg_avg,1.0,25.6932,26.7548
solarPV,2030,LR1,scenario_avg_avg_avg,42.285705626459205,130.3370766499192,39.99999999999999
solarPV,2035,LR1,scenario_avg_avg_avg,45.32249209332452,287.3696147291268,45.68746687690307
solarPV,2040,LR1,scenario_avg_avg_avg,45.32249209332452,429.6558527514481,49.09426740557066
solarPV,2025,LR1,scenario_avg_avg_high,1.0,25.6932,26.7548
solarPV,2030,LR1,scenario_avg_avg_high,42.28570562645927,130.33707664991923,39.99999999999999
solarPV,2035,LR1,scenario_avg_avg_high,45.32249209332453,287.36961472912685,45.687466876903095
solarPV,2040,LR1,scenario_avg_avg_high,45.32249209332453,430.6016447959257,48.43746737468369
solarPV,2025,LR1,scenario_avg_high_min,1.0,25.6932,26.7548
solarPV,2030,LR1,scenario_avg_high_min,42.285705626459354,130.33707664991917,40.0
solarPV,2035,LR1,scenario_avg_high_min,45.322492093324705,287.36961472912674,45.68746687690311
solarPV,2040,LR1,scenario_avg_high_min,45.322492093324705,429.25742818719425,49.370951130747024
solarPV,2025,LR1,scenario_avg_high_avg,1.0,25.6932,26.7548
solarPV,2030,LR1,scenario_avg_high_avg,42.28570562645917,130.3370766499192,39.999999999999986
solarPV,2035,LR1,scenario_avg_high_avg,45.32249209332466,287.3696147291268,45.68746687690309
solarPV,2040,LR1,scenario_avg_high_avg,45.32249209332466,429.25742818719436,49.370951130747
solarPV,2025,LR1,scenario_avg_high_high,1.0,25.6932,26.7548
solarPV,2030,LR1,scenario_avg_high_high,42.28570562645937,130.33707664991914,39.99999999999999
solarPV,2035,LR1,scenario_avg_high_high,45.32249209332464,287.3696147291268,45.687466876903095
solarPV,2040,LR1,scenario_avg_high_high,45.32249209332464,429.25742818719436,49.37095113074701
solarPV,2025,LR1,scenario_high_min_min,1.0,29.94685199999993,22.50114800000007
solarPV,2030,LR1,scenario_high_min_min,32.34458674955617,134.59072864991919,40.0000000000001
solarPV,2035,LR1,scenario_high_min_min,41.068840093324646,291.6232667291267,40.0000000000001
solarPV,2040,LR1,scenario_high_min_min,41.068840093324646,440.55610047209797,40.0000000000001
solarPV,2025,LR1,scenario_high_min_avg,1.0,29.946851999999964,22.50114800000005
solarPV,2030,LR1,scenario_high_min_avg,32.34458674955627,134.59072864991919,40.0
solarPV,2035,LR1,scenario_high_min_avg,41.06884009332469,291.6232667291268,40.0
solarPV,2040,LR1,scenario_high_min_avg,41.06884009332469,440.2097366054249,40.0
solarPV,2025,LR1,scenario_high_min_high,1.0,29.94685199999993,22.50114800000007
solarPV,2030,LR1,scenario_high_min_high,32.34458674955614,134.59072864991924,40.00000000000012
solarPV,2035,LR1,scenario_high_min_high,41.068840093324624,291.6232667291268,40.00000000000012
solarPV,2040,LR1,scenario_high_min_high,41.068840093324624,440.61028999091076,40.00000000000012
solarPV,2025,LR1,scenario_high_avg_min,1.0,29.94685199999993,22.50114800000007
solarPV,2030,LR1,scenario_high_avg_min,32.34458674955626,134.59072864991919,40.0
solarPV,2035,LR1,scenario_high_avg_min,41.06884009332474,291.6232667291267,40.0
solarPV,2040,LR1,scenario_high_avg_min,41.06884009332474,433.9095047514417,43.40680052867204
solarPV,2025,LR1,scenario_high_avg_avg,1.0,29.94685199999993,22.50114800000007
solarPV,2030,LR1,scenario_high_avg_avg,32.344586749556164,134.5907286499192,40.0000000000001
solarPV,2035,LR1,scenario_high_avg_avg,41.068840093324596,291.6232667291268,40.0000000000001
solarPV,2040,LR1,scenario_high_avg_avg,41.068840093324596,433.909504751447,43.406800528668214
solarPV,2025,LR1,scenario_high_avg_high,1.0,29.94685199999993,22.50114800000007
solarPV,2030,LR1,scenario_high_avg_high,32.34458674955628,134.59072864991919,40.000000000000085
solarPV,2035,LR1,scenario_high_avg_high,41.06884009332476,291.6232667291267,40.000000000000085
solarPV,2040,LR1,scenario_high_avg_high,41.06884009332476,433.92004157391284,43.39948329084492
solarPV,2025,LR1,scenario_high_high_min,1.0,29.94685199999993,22.50114800000007
solarPV,2030,LR1,scenario_high_high_min,32.344586749556086,134.59072864991924,40.00000000000014
solarPV,2035,LR1,scenario_high_high_min,41.068840093324695,291.6232667291268,40.00000000000014
solarPV,2040,LR1,scenario_high_high_min,41.068840093324695,433.51108018719435,43.68348425384406
solarPV,2025,LR1,scenario_high_high_avg,1.0,29.946851999999964,22.50114800000005
solarPV,2030,LR1,scenario_high_high_avg,32.34458674955606,134.59072864991938,40.0
solarPV,2035,LR1,scenario_high_high_avg,41.06884009332451,291.62326672912695,40.0
solarPV,2040,LR1,scenario_high_high_avg,41.06884009332451,433.51108018719447,43.683484253843915
solarPV,2025,LR1,scenario_high_high_high,1.0,29.94685199999993,22.50114800000007
solarPV,2030,LR1,scenario_high_high_high,32.34458674955621,134.5907286499192,40.00000000000011
solarPV,2035,LR1,scenario_high_high_high,41.068840093324724,291.6232667291267,40.00000000000011
solarPV,2040,LR1,scenario_high_high_high,41.068840093324724,433.51108018719424,43.683484253844014
solarPV,2025,LR3_5,scenario_min_min_min,5.777708677120096,9.69941982687994,37.970871495999965
solarPV,2030,LR3_5,scenario_min_min_min,100.00000000000003,74.29205275648015,40.0
solarPV,2035,LR3_5,scenario_min_min_min,195.29560904965635,137.39649777279507,47.356737357004846
solarPV,2040,LR3_5,scenario_min_min_min,266.6997500036024,210.90044647186247,47.356737357004846
solarPV,2025,LR3_5,scenario_min_min_avg,5.777708677120087,9.699419826879948,37.97087149599997
solarPV,2030,LR3_5,scenario_min_min_avg,100.0,74.29205275648015,40.0
solarPV,2035,LR3_5,scenario_min_min_avg,195.29560904965635,137.39649777279507,47.35673735700484
solarPV,2040,LR3_5,scenario_min_min_avg,266.34926098341134,209.50086819991952,47.35673735700484
solarPV,2025,LR3_5,scenario_min_min_high,5.777708677119696,9.69941982688034,37.970871495999965
solarPV,2030,LR3_5,scenario_min_min_high,100.0,74.29205275648009,40.0
solarPV,2035,LR3_5,scenario_min_min_high,195.2956090496564,137.39649777279507,47.35673735700476
solarPV,2040,LR3_5,scenario_min_min_high,266.34926098341157,209.50086819991978,47.35673735700476
solarPV,2025,LR3_5,scenario_min_avg_min,5.777708677120076,9.69941982687995,37.97087149599998
solarPV,2030,LR3_5,scenario_min_avg_min,100.0,74.29205275648015,40.0
solarPV,2035,LR3_5,scenario_min_avg_min,195.29560904965635,137.39649777279507,47.35673735700484
solarPV,2040,LR3_5,scenario_min_avg_min,265.76096767751864,209.36606874412442,47.35673735700484
solarPV,2025,LR3_5,scenario_min_avg_avg,5.7777086771200885,9.699419826879923,37.97087149599998
solarPV,2030,LR3_5,scenario_min_avg_avg,100.00000000000001,74.29205275648013,39.999999999999986
solarPV,2035,LR3_5,scenario_min_avg_avg,195.29560904965635,137.39649777279504,47.356737357004825
solarPV,2040,LR3_5,scenario_min_avg_avg,266.3155038651915,209.3660687441244,47.356737357004825
solarPV,2025,LR3_5,scenario_min_avg_high,5.77770867712007,9.699419826879948,37.97087149599998
solarPV,2030,LR3_5,scenario_min_avg_high,99.99999999999997,74.29205275648016,39.99999999999999
solarPV,2035,LR3_5,scenario_min_avg_high,195.29560904965635,137.39649777279507,47.35673735700482
solarPV,2040,LR3_5,scenario_min_avg_high,266.315503865191,209.36606874412442,47.35673735700482
solarPV,2025,LR3_5,scenario_min_high_min,5.777708677120307,9.699419826879726,37.970871495999965
solarPV,2030,LR3_5,scenario_min_high_min,100.00000000000024,74.29205275647993,40.0
solarPV,2035,LR3_5,scenario_min_high_min,195.29560904965638,137.39649777279507,47.35673735700473
solarPV,2040,LR3_5,scenario_min_high_min,265.13348542732075,210.36253331623183,47.35673735700473
solarPV,2025,LR3_5,scenario_min_high_avg,5.77770867712008,9.699419826879955,37.97087149599997
solarPV,2030,LR3_5,scenario_min_high_avg,100.0,74.29205275648016,40.0
solarPV,2035,LR3_5,scenario_min_high_avg,195.29560904965635,137.3964977727951,47.35673735700484
solarPV,2040,LR3_5,scenario_min_high_avg,265.76096767762783,209.36606874412442,47.35673735700484
solarPV,2025,LR3_5,scenario_min_high_high,5.777708677120153,9.699419826879847,37.97087149600001
solarPV,2030,LR3_5,scenario_min_high_high,100.00000000000004,74.29205275648013,40.0
solarPV,2035,LR3_5,scenario_min_high_high,195.29560904965638,137.39649777279504,47.35673735700475
solarPV,2040,LR3_5,scenario_min_high_high,265.76096767762783,209.3660687441244,47.35673735700475
solarPV,2025,LR3_5,scenario_avg_min_min,5.777708677119986,9.699419826880112,37.97087149599991
solarPV,2030,LR3_5,scenario_avg_min_min,100.00000000000001,83.51099454177292,39.999999999999936
solarPV,2035,LR3_5,scenario_avg_min_min,100.04078094791612,232.6513258745353,56.575679142297645
solarPV,2040,LR3_5,scenario_avg_min_min,100.04078094791612,382.2359116919244,56.575679142297645
solarPV,2025,LR3_5,scenario_avg_min_avg,5.777708677120078,9.699419826879955,37.97087149599997
solarPV,2030,LR3_5,scenario_avg_min_avg,99.99999999999999,83.51099454177293,40.0
solarPV,2035,LR3_5,scenario_avg_min_avg,100.04078094791609,232.6513258745353,56.575679142297716
solarPV,2040,LR3_5,scenario_avg_min_avg,100.04078094791609,382.242329486718,56.575679142297716
solarPV,2025,LR3_5,scenario_avg_min_high,5.777708677119979,9.699419826880124,37.97087149599989
solarPV,2030,LR3_5,scenario_avg_min_high,100.0,83.51099454177309,39.99999999999993
solarPV,2035,LR3_5,scenario_avg_min_high,100.0407809479161,232.6513258745353,56.5756791422977
solarPV,2040,LR3_5,scenario_avg_min_high,100.0407809479161,382.2423294867089,56.5756791422977
solarPV,2025,LR3_5,scenario_avg_avg_min,5.777708677120092,9.699419826879934,37.97087149599997
solarPV,2030,LR3_5,scenario_avg_avg_min,100.0,83.51099454177292,40.0
solarPV,2035,LR3_5,scenario_avg_avg_min,100.04078094791642,232.65132587453502,56.57567914229749
solarPV,2040,LR3_5,scenario_avg_avg_min,100.04078094791642,381.86932571083014,56.57567914229749
solarPV,2025,LR3_5,scenario_avg_avg_avg,5.777708677120085,9.699419826879948,37.97087149599997
solarPV,2030,LR3_5,scenario_avg_avg_avg,99.99999999999999,83.51099454177293,40.0
solarPV,2035,LR3_5,scenario_avg_avg_avg,100.04078094791598,232.65132587453544,56.5756791422976
solarPV,2040,LR3_5,scenario_avg_avg_avg,100.04078094791598,381.907877533099,56.5756791422976
solarPV,2025,LR3_5,scenario_avg_avg_high,5.777708677119884,9.699419826880202,37.97087149599992
solarPV,2030,LR3_5,scenario_avg_avg_high,99.99999999999999,83.51099454177302,39.99999999999994
solarPV,2035,LR3_5,scenario_avg_avg_high,100.04078094791598,232.65132587453542,56.57567914229753
solarPV,2040,LR3_5,scenario_avg_avg_high,100.04078094791598,381.907877533109,56.57567914229753
solarPV,2025,LR3_5,scenario_avg_high_min,5.777708677120085,9.699419826879934,37.97087149599998
solarPV,2030,LR3_5,scenario_avg_high_min,100.00000000000001,83.5109945417729,39.99999999999999
solarPV,2035,LR3_5,scenario_avg_high_min,100.04078094791608,232.65132587453533,56.57567914229759
solarPV,2040,LR3_5,scenario_avg_high_min,100.04078094791608,379.843356658138,56.57567914229759
solarPV,2025,LR3_5,scenario_avg_high_avg,5.777708677120026,9.699419826879973,37.97087149600001
solarPV,2030,LR3_5,scenario_avg_high_avg,100.00000000000001,83.51099454177303,40.0
solarPV,2035,LR3_5,scenario_avg_high_avg,100.04078094791642,232.65132587453502,56.57567914229761
solarPV,2040,LR3_5,scenario_avg_high_avg,100.04078094791642,379.8433566581377,56.57567914229761
solarPV,2025,LR3_5,scenario_avg_high_high,5.777708677120118,9.69941982687988,37.97087149600001
solarPV,2030,LR3_5,scenario_avg_high_high,100.00000000000001,83.51099454177293,40.00000000000001
solarPV,2035,LR3_5,scenario_avg_high_high,100.040780947916,232.65132587453542,56.5756791422976
solarPV,2040,LR3_5,scenario_avg_high_high,100.040780947916,379.8433566581381,56.5756791422976
solarPV,2025,LR3_5,scenario_high_min_min,1.0,29.94685199999993,22.50114800000007
solarPV,2030,LR3_5,scenario_high_min_min,32.34458674955653,134.59072864991893,39.99999999999977
solarPV,2035,LR3_5,scenario_high_min_min,41.06884009332495,291.6232667291265,39.99999999999977
solarPV,2040,LR3_5,scenario_high_min_min,41.06884009332495,438.81529751272916,39.99999999999977
solarPV,2025,LR3_5,scenario_high_min_avg,1.0,29.94685199999993,22.50114800000007
solarPV,2030,LR3_5,scenario_high_min_avg,32.344586749556306,134.5907286499191,40.00000000000007
solarPV,2035,LR3_5,scenario_high_min_avg,41.06884009332474,291.62326672912667,40.00000000000007
solarPV,2040,LR3_5,scenario_high_min_avg,41.06884009332474,438.8152975127294,40.00000000000007
solarPV,2025,LR3_5,scenario_high_min_high,1.0,29.94685199999993,22.50114800000007
solarPV,2030,LR3_5,scenario_high_min_high,32.344586749556555,134.59072864991887,40.00000000000001
solarPV,2035,LR3_5,scenario_high_min_high,41.06884009332499,291.62326672912644,40.00000000000001
solarPV,2040,LR3_5,scenario_high_min_high,41.06884009332499,438.8152975127291,40.00000000000001
solarPV,2025,LR3_5,scenario_high_avg_min,1.0,29.94685199999989,22.50114800000011
solarPV,2030,LR3_5,scenario_high_avg_min,32.34458674955633,134.59072864991916,40.00000000000006
solarPV,2035,LR3_5,scenario_high_avg_min,41.06884009332476,291.6232667291267,40.00000000000006
solarPV,2040,LR3_5,scenario_high_avg_min,41.06884009332476,439.9975033109638,40.00000000000006
solarPV,2025,LR3_5,scenario_high_avg_avg,1.0,29.94685199999993,22.50114800000007
solarPV,2030,LR3_5,scenario_high_avg_avg,32.34458674955622,134.5907286499192,40.00000000000009
solarPV,2035,LR3_5,scenario_high_avg_avg,41.06884009332465,291.6232667291268,40.00000000000009
solarPV,2040,LR3_5,scenario_high_avg_avg,41.06884009332465,440.0103875876928,40.00000000000009
solarPV,2025,LR3_5,scenario_high_avg_high,1.0,29.9468519999999,22.5011480000001
solarPV,2030,LR3_5,scenario_high_avg_high,32.34458674955624,134.59072864991919,40.0000000000001
solarPV,2035,LR3_5,scenario_high_avg_high,41.068840093324674,291.6232667291268,40.0000000000001
solarPV,2040,LR3_5,scenario_high_avg_high,41.068840093324674,440.0103875876924,40.0000000000001
solarPV,2025,LR3_5,scenario_high_high_min,1.0,29.94685199999993,22.50114800000007
solarPV,2030,LR3_5,scenario_high_high_min,32.34458674955646,134.59072864991901,40.00000000000008
solarPV,2035,LR3_5,scenario_high_high_min,41.0688400933249,291.6232667291266,40.00000000000008
solarPV,2040,LR3_5,scenario_high_high_min,41.0688400933249,438.81529751272933,40.00000000000008
solarPV,2025,LR3_5,scenario_high_high_avg,1.0,29.94685199999993,22.50114800000007
solarPV,2030,LR3_5,scenario_high_high_avg,32.34458674955672,134.59072864991873,39.999999999999595
solarPV,2035,LR3_5,scenario_high_high_avg,41.06884009332516,291.62326672912627,39.999999999999595
solarPV,2040,LR3_5,scenario_high_high_avg,41.06884009332516,438.81529751272893,39.999999999999595
solarPV,2025,LR3_5,scenario_high_high_high,1.0,29.94685199999993,22.50114800000007
solarPV,2030,LR3_5,scenario_high_high_high,32.344586749556285,134.59072864991916,39.99999999999999
solarPV,2035,LR3_5,scenario_high_high_high,41.068840093324724,291.6232667291267,39.99999999999999
solarPV,2040,LR3_5,scenario_high_high_high,41.068840093324724,438.81529751272944,39.99999999999999
solarPV,2025,LR4,scenario_min_min_min,5.777708677119948,9.69941982688009,37.970871495999965
solarPV,2030,LR4,scenario_min_min_min,99.99999999999989,74.29205275648029,40.0
solarPV,2035,LR4,scenario_min_min_min,195.29560904965635,137.3964977727951,47.35673735700484
solarPV,2040,LR4,scenario_min_min_min,265.5795525984458,207.9448985379211,47.35673735700484
solarPV,2025,LR4,scenario_min_min_avg,5.777708677120076,9.699419826879955,37.97087149599997
solarPV,2030,LR4,scenario_min_min_avg,100.00000000000001,74.29205275648016,40.0
solarPV,2035,LR4,scenario_min_min_avg,195.29560904965638,137.39649777279507,47.35673735700484
solarPV,2040,LR4,scenario_min_min_avg,266.87597416703346,211.60414757495192,47.35673735700484
solarPV,2025,LR4,scenario_min_min_high,5.777708677120009,9.699419826879991,37.970871496
solarPV,2030,LR4,scenario_min_min_high,100.00000000000021,74.29205275648,39.99999999999999
solarPV,2035,LR4,scenario_min_min_high,195.29560904965638,137.39649777279507,47.3567373570048
solarPV,2040,LR4,scenario_min_min_high,266.8759741670295,211.60414757493717,47.3567373570048
solarPV,2025,LR4,scenario_min_avg_min,5.777708677120057,9.699419826879966,37.97087149599998
solarPV,2030,LR4,scenario_min_avg_min,99.99999999999997,74.29205275648017,39.99999999999999
solarPV,2035,LR4,scenario_min_avg_min,195.29560904965635,137.39649777279507,47.35673735700483
solarPV,2040,LR4,scenario_min_avg_min,268.5891173134937,214.38914706578927,47.35673735700483
solarPV,2025,LR4,scenario_min_avg_avg,5.777708677120173,9.699419826879835,37.97087149599998
solarPV,2030,LR4,scenario_min_avg_avg,100.00000000000017,74.29205275648005,39.99999999999999
solarPV,2035,LR4,scenario_min_avg_avg,195.29560904965635,137.39649777279504,47.35673735700481
solarPV,2040,LR4,scenario_min_avg_avg,268.58911731349366,214.38914706578927,47.35673735700481
solarPV,2025,LR4,scenario_min_avg_high,5.777708677120025,9.69941982688,37.97087149599998
solarPV,2030,LR4,scenario_min_avg_high,100.0,74.29205275648022,39.99999999999999
solarPV,2035,LR4,scenario_min_avg_high,195.29560904965635,137.3964977727951,47.35673735700483
solarPV,2040,LR4,scenario_min_avg_high,268.5891173134936,214.38914706578936,47.35673735700483
solarPV,2025,LR4,scenario_min_high_min,5.777708677120081,9.699419826879955,37.97087149599997
solarPV,2030,LR4,scenario_min_high_min,100.0,74.29205275648015,40.0
solarPV,2035,LR4,scenario_min_high_min,195.29560904965632,137.39649777279507,47.35673735700473
solarPV,2040,LR4,scenario_min_high_min,265.68151238384974,213.76060711174313,47.35673735700473
solarPV,2025,LR4,scenario_min_high_avg,5.777708677119969,9.699419826880058,37.970871495999965
solarPV,2030,LR4,scenario_min_high_avg,99.99999999999999,74.29205275648026,40.0
solarPV,2035,LR4,scenario_min_high_avg,195.29560904965635,137.39649777279504,47.35673735700485
solarPV,2040,LR4,scenario_min_high_avg,267.25313233215593,213.7606071117433,47.35673735700485
solarPV,2025,LR4,scenario_min_high_high,5.777708677119887,9.699419826880153,37.97087149599997
solarPV,2030,LR4,scenario_min_high_high,99.99999999999986,74.29205275648035,40.0
solarPV,2035,LR4,scenario_min_high_high,195.29560904965632,137.39649777279507,47.356737357004796
solarPV,2040,LR4,scenario_min_high_high,267.25313233215627,213.76060711174324,47.356737357004796
solarPV,2025,LR4,scenario_avg_min_min,5.777708677119973,9.699419826880053,37.970871495999965
solarPV,2030,LR4,scenario_avg_min_min,100.00000000000001,75.6187877953278,40.0
solarPV,2035,LR4,scenario_avg_min_min,100.04078094791642,232.65132587453502,48.68347239585239
solarPV,2040,LR4,scenario_avg_min_min,100.04078094791642,382.6187889450755,48.68347239585239
solarPV,2025,LR4,scenario_avg_min_avg,5.77770867712011,9.69941982687989,37.970871496
solarPV,2030,LR4,scenario_avg_min_avg,100.0,75.6187877953278,40.0
solarPV,2035,LR4,scenario_avg_min_avg,100.0407809479164,232.65132587453505,48.68347239585248
solarPV,2040,LR4,scenario_avg_min_avg,100.0407809479164,382.62468459528435,48.68347239585248
solarPV,2025,LR4,scenario_avg_min_high,5.777708677119969,9.699419826880064,37.970871495999965
solarPV,2030,LR4,scenario_avg_min_high,100.0,75.61878779532756,40.0
solarPV,2035,LR4,scenario_avg_min_high,100.04078094791606,232.65132587453533,48.68347239585255
solarPV,2040,LR4,scenario_avg_min_high,100.04078094791606,382.62468459528895,48.68347239585255
solarPV,2025,LR4,scenario_avg_avg_min,5.777708677120062,9.699419826879973,37.97087149599997
solarPV,2030,LR4,scenario_avg_avg_min,100.0,75.61878779532783,40.0
solarPV,2035,LR4,scenario_avg_avg_min,100.04078094791606,232.65132587453536,48.68347239585238
solarPV,2040,LR4,scenario_avg_avg_min,100.04078094791606,383.6490416950927,48.68347239585238
solarPV,2025,LR4,scenario_avg_avg_avg,5.777708677119984,9.699419826880018,37.970871496
solarPV,2030,LR4,scenario_avg_avg_avg,100.0,75.61878779532731,40.0
solarPV,2035,LR4,scenario_avg_avg_avg,100.04078094791599,232.65132587453527,48.6834723958524
solarPV,2040,LR4,scenario_avg_avg_avg,100.04078094791599,382.1620675162481,48.6834723958524
solarPV,2025,LR4,scenario_avg_avg_high,5.777708677119985,9.699419826880115,37.9708714959999
solarPV,2030,LR4,scenario_avg_avg_high,100.0,75.61878779532779,39.999999999999936
solarPV,2035,LR4,scenario_avg_avg_high,100.04078094791599,232.6513258745354,48.68347239585241
solarPV,2040,LR4,scenario_avg_avg_high,100.04078094791599,383.8169138476175,48.68347239585241
solarPV,2025,LR4,scenario_avg_high_min,5.777708677120073,9.699419826879614,37.97087149600032
solarPV,2030,LR4,scenario_avg_high_min,100.00000000000001,75.6187877953278,40.00000000000001
solarPV,2035,LR4,scenario_avg_high_min,100.040780947916,232.65132587453542,48.68347239585249
solarPV,2040,LR4,scenario_avg_high_min,100.040780947916,382.05060993385666,48.68347239585249
solarPV,2025,LR4,scenario_avg_high_avg,5.77770867711999,9.69941982688005,37.970871495999965
solarPV,2030,LR4,scenario_avg_high_avg,100.00000000000001,75.61878779532755,40.0
solarPV,2035,LR4,scenario_avg_high_avg,100.04078094791626,232.65132587453516,48.6834723958524
solarPV,2040,LR4,scenario_avg_high_avg,100.04078094791626,382.11003546800004,48.6834723958524
solarPV,2025,LR4,scenario_avg_high_high,5.777708677119801,9.699419826880353,37.97087149599983
solarPV,2030,LR4,scenario_avg_high_high,99.99999999999999,75.6187877953278,39.999999999999886
solarPV,2035,LR4,scenario_avg_high_high,100.04078094791598,232.65132587453542,48.68347239585227
solarPV,2040,LR4,scenario_avg_high_high,100.04078094791598,382.11003546797224,48.68347239585227
solarPV,2025,LR4,scenario_high_min_min,1.0,29.946852,22.501148
solarPV,2030,LR4,scenario_high_min_min,32.34458674955652,134.5907286499192,39.999999999999986
solarPV,2035,LR4,scenario_high_min_min,41.06884009332474,291.6232667291268,39.999999999999986
solarPV,2040,LR4,scenario_high_min_min,41.06884009332474,438.8152975127295,39.999999999999986
solarPV,2025,LR4,scenario_high_min_avg,1.0,29.946852,22.501148
solarPV,2030,LR4,scenario_high_min_avg,32.34458674955625,134.59072864991913,40.00000000000004
solarPV,2035,LR4,scenario_high_min_avg,41.06884009332464,291.6232667291268,40.00000000000004
solarPV,2040,LR4,scenario_high_min_avg,41.06884009332464,438.8152975127295,40.00000000000004
solarPV,2025,LR4,scenario_high_min_high,1.0,29.946851999999964,22.50114800000005
solarPV,2030,LR4,scenario_high_min_high,32.34458674955622,134.59072864991924,40.00000000000001
solarPV,2035,LR4,scenario_high_min_high,41.06884009332466,291.62326672912684,40.00000000000001
solarPV,2040,LR4,scenario_high_min_high,41.06884009332466,438.8152975127295,40.00000000000001
solarPV,2025,LR4,scenario_high_avg_min,1.0,29.946852,22.501148
solarPV,2030,LR4,scenario_high_avg_min,32.3445867495563,134.5907286499192,39.99999999999999
solarPV,2035,LR4,scenario_high_avg_min,41.06884009332481,291.6232667291267,39.99999999999999
solarPV,2040,LR4,scenario_high_avg_min,41.06884009332481,441.27056619940873,39.99999999999999
solarPV,2025,LR4,scenario_high_avg_avg,1.0,29.94685199999993,22.50114800000007
solarPV,2030,LR4,scenario_high_avg_avg,32.34458674955626,134.59072864991913,40.00000000000001
solarPV,2035,LR4,scenario_high_avg_avg,41.06884009332464,291.6232667291268,40.00000000000001
solarPV,2040,LR4,scenario_high_avg_avg,41.06884009332464,441.07334299462855,40.00000000000001
solarPV,2025,LR4,scenario_high_avg_high,1.0,29.946852,22.501148
solarPV,2030,LR4,scenario_high_avg_high,32.34458674955623,134.59072864991933,40.0
solarPV,2035,LR4,scenario_high_avg_high,41.06884009332462,291.62326672912695,40.0
solarPV,2040,LR4,scenario_high_avg_high,41.06884009332462,441.07334299462855,40.0
solarPV,2025,LR4,scenario_high_high_min,1.0,29.94685199999993,22.50114800000007
solarPV,2030,LR4,scenario_high_high_min,32.344586749556356,134.59072864991904,39.99999999999999
solarPV,2035,LR4,scenario_high_high_min,41.06884009332476,291.62326672912667,39.99999999999999
solarPV,2040,LR4,scenario_high_high_min,41.06884009332476,438.8152975127294,39.99999999999999
solarPV,2025,LR4,scenario_high_high_avg,1.0,29.946852,22.501148
solarPV,2030,LR4,scenario_high_high_avg,32.34458674955631,134.590728649919,40.0
solarPV,2035,LR4,scenario_high_high_avg,41.06884009332471,291.6232667291266,40.0
solarPV,2040,LR4,scenario_high_high_avg,41.06884009332471,438.81529751272944,40.0
solarPV,2025,LR4,scenario_high_high_high,1.0,29.946851999999964,22.50114800000005
solarPV,2030,LR4,scenario_high_high_high,32.3445867495562,134.59072864991919,40.0
solarPV,2035,LR4,scenario_high_high_high,41.06884009332463,291.6232667291268,40.0
solarPV,2040,LR4,scenario_high_high_high,41.06884009332463,438.8152975127295,40.0
solarPV,2025,LR5,scenario_min_min_min,5.777708677119677,9.699419826880327,37.970871496
solarPV,2030,LR5,scenario_min_min_min,99.99999999999959,74.29205275648054,40.0
solarPV,2035,LR5,scenario_min_min_min,195.29560904965615,137.39649777279524,47.35673735700473
solarPV,2040,LR5,scenario_min_min_min,267.53619029241185,213.53059942705536,47.35673735700473
solarPV,2025,LR5,scenario_min_min_avg,5.7777086771200885,9.699419826879934,37.97087149599998
solarPV,2030,LR5,scenario_min_min_avg,100.00000000000001,74.29205275648015,40.0
solarPV,2035,LR5,scenario_min_min_avg,195.29560904965638,137.39649777279513,47.35673735700484
solarPV,2040,LR5,scenario_min_min_avg,267.58592232487774,213.0266732738456,47.35673735700484
solarPV,2025,LR5,scenario_min_min_high,5.777708677120072,9.69941982687996,37.970871495999965
solarPV,2030,LR5,scenario_min_min_high,99.99999999999999,74.29205275648016,40.0
solarPV,2035,LR5,scenario_min_min_high,195.29560904965635,137.39649777279507,47.35673735700473
solarPV,2040,LR5,scenario_min_min_high,267.585922324878,213.02667327384603,47.35673735700473
solarPV,2025,LR5,scenario_min_avg_min,5.7777086771198505,9.699419826880144,37.97087149600001
solarPV,2030,LR5,scenario_min_avg_min,99.99999999999974,74.29205275648043,40.0
solarPV,2035,LR5,scenario_min_avg_min,195.29560904965635,137.3964977727951,47.35673735700475
solarPV,2040,LR5,scenario_min_avg_min,270.30345321499084,215.2014393634214,47.35673735700475
solarPV,2025,LR5,scenario_min_avg_avg,5.77770867711973,9.699419826880309,37.97087149599997
solarPV,2030,LR5,scenario_min_avg_avg,99.99999999999964,74.2920527564805,40.0
solarPV,2035,LR5,scenario_min_avg_avg,195.29560904965635,137.3964977727951,47.35673735700473
solarPV,2040,LR5,scenario_min_avg_avg,270.2964225837341,215.20143936342154,47.35673735700473
solarPV,2025,LR5,scenario_min_avg_high,5.777708677120624,9.699419826879385,37.970871495999994
solarPV,2030,LR5,scenario_min_avg_high,99.99999999999997,74.29205275647959,40.0
solarPV,2035,LR5,scenario_min_avg_high,195.29560904965635,137.3964977727951,47.35673735700428
solarPV,2040,LR5,scenario_min_avg_high,270.2964225837344,215.20143936342154,47.35673735700428
solarPV,2025,LR5,scenario_min_high_min,5.777708677120033,9.69941982688,37.97087149599997
solarPV,2030,LR5,scenario_min_high_min,100.00000000000001,74.2920527564802,40.0
solarPV,2035,LR5,scenario_min_high_min,195.29560904965635,137.39649777279507,47.35673735700484
solarPV,2040,LR5,scenario_min_high_min,264.10989243554303,213.7606071117431,47.35673735700484
solarPV,2025,LR5,scenario_min_high_avg,5.777708677119601,9.699419826880424,37.970871495999965
solarPV,2030,LR5,scenario_min_high_avg,99.99999999999952,74.29205275648063,40.0
solarPV,2035,LR5,scenario_min_high_avg,195.29560904965635,137.39649777279507,47.35673735700473
solarPV,2040,LR5,scenario_min_high_avg,267.25313233215627,213.76060711174333,47.35673735700473
solarPV,2025,LR5,scenario_min_high_high,5.777708677119974,9.699419826880058,37.970871495999965
solarPV,2030,LR5,scenario_min_high_high,99.99999999999999,74.29205275648026,39.99999999999999
solarPV,2035,LR5,scenario_min_high_high,195.29560904965635,137.3964977727951,47.35673735700484
solarPV,2040,LR5,scenario_min_high_high,267.25313233215655,213.7606071117433,47.35673735700484
solarPV,2025,LR5,scenario_avg_min_min,5.77770867712013,9.699419826879875,37.970871496
solarPV,2030,LR5,scenario_avg_min_min,100.0,74.29205275648016,40.00000000000001
solarPV,2035,LR5,scenario_avg_min_min,103.03678646686528,229.65532035558613,47.35673735700475
solarPV,2040,LR5,scenario_avg_min_min,103.03678646686528,377.1853496415903,47.35673735700475
solarPV,2025,LR5,scenario_avg_min_avg,5.77770867712007,9.699419826879973,37.970871495999965
solarPV,2030,LR5,scenario_avg_min_avg,100.0,74.29205275648023,40.0
solarPV,2035,LR5,scenario_avg_min_avg,103.03678646686528,229.65532035558618,47.35673735700479
solarPV,2040,LR5,scenario_avg_min_avg,103.03678646686528,376.9294325745878,47.35673735700479
solarPV,2025,LR5,scenario_avg_min_high,5.777708677120073,9.699419826879963,37.970871495999965
solarPV,2030,LR5,scenario_avg_min_high,100.00000000000001,74.29205275648017,40.0
solarPV,2035,LR5,scenario_avg_min_high,103.0367864668653,229.65532035558616,47.35673735700474
solarPV,2040,LR5,scenario_avg_min_high,103.0367864668653,376.9294325745885,47.35673735700474
solarPV,2025,LR5,scenario_avg_avg_min,5.777708677119905,9.699419826880261,37.97087149599984
solarPV,2030,LR5,scenario_avg_avg_min,100.00000000000003,74.29205275648022,39.99999999999991
solarPV,2035,LR5,scenario_avg_avg_min,103.03678646686531,229.65532035558616,47.356737357004704
solarPV,2040,LR5,scenario_avg_avg_min,103.03678646686531,388.7818401216431,47.356737357004704
solarPV,2025,LR5,scenario_avg_avg_avg,5.77770867712007,9.69941982687996,37.970871495999965
solarPV,2030,LR5,scenario_avg_avg_avg,100.0,74.29205275648016,40.0
solarPV,2035,LR5,scenario_avg_avg_avg,103.0367864668653,229.65532035558613,47.35673735700476
solarPV,2040,LR5,scenario_avg_avg_avg,103.0367864668653,388.78184012164303,47.35673735700476
solarPV,2025,LR5,scenario_avg_avg_high,5.777708677120078,9.699419826879955,37.97087149599997
solarPV,2030,LR5,scenario_avg_avg_high,100.0,74.29205275648016,40.0
solarPV,2035,LR5,scenario_avg_avg_high,103.03678646686528,229.65532035558616,47.35673735700473
solarPV,2040,LR5,scenario_avg_avg_high,103.03678646686528,388.7818401216431,47.35673735700473
solarPV,2025,LR5,scenario_avg_high_min,5.777708677120063,9.699419826879966,37.97087149599997
solarPV,2030,LR5,scenario_avg_high_min,100.0,74.29205275648017,40.0
solarPV,2035,LR5,scenario_avg_high_min,103.03678646686528,229.65532035558616,47.35673735700473
solarPV,2040,LR5,scenario_avg_high_min,103.03678646686528,386.2631048162123,47.35673735700473
solarPV,2025,LR5,scenario_avg_high_avg,5.777708677120063,9.69941982687997,37.97087149599997
solarPV,2030,LR5,scenario_avg_high_avg,100.0,74.29205275648016,40.0
solarPV,2035,LR5,scenario_avg_high_avg,103.03678646686568,229.65532035558576,47.35673735700473
solarPV,2040,LR5,scenario_avg_high_avg,103.03678646686568,386.2740164460321,47.35673735700473
solarPV,2025,LR5,scenario_avg_high_high,5.777708677119993,9.69941982688004,37.97087149599997
solarPV,2030,LR5,scenario_avg_high_high,100.0,74.29205275648025,40.0
solarPV,2035,LR5,scenario_avg_high_high,103.03678646686528,229.65532035558613,47.35673735700484
solarPV,2040,LR5,scenario_avg_high_high,103.03678646686528,386.27401644603253,47.35673735700484
solarPV,2025,LR5,scenario_high_min_min,1.0,29.94685199999991,22.50114800000009
solarPV,2030,LR5,scenario_high_min_min,32.34458674955636,134.59072864991919,40.000000000000014
solarPV,2035,LR5,scenario_high_min_min,41.068840093324894,291.6232667291267,40.000000000000014
solarPV,2040,LR5,scenario_high_min_min,41.068840093324894,438.81529751272944,40.000000000000014
solarPV,2025,LR5,scenario_high_min_avg,1.0,29.946851999999964,22.50114800000005
solarPV,2030,LR5,scenario_high_min_avg,32.34458674955628,134.59072864991916,39.99999999999996
solarPV,2035,LR5,scenario_high_min_avg,41.06884009332471,291.6232667291267,39.99999999999996
solarPV,2040,LR5,scenario_high_min_avg,41.06884009332471,438.81529751272944,39.99999999999996
solarPV,2025,LR5,scenario_high_min_high,1.0,29.946852,22.501148
solarPV,2030,LR5,scenario_high_min_high,32.34458674955622,134.59072864991919,40.0
solarPV,2035,LR5,scenario_high_min_high,41.068840093324596,291.62326672912684,40.0
solarPV,2040,LR5,scenario_high_min_high,41.068840093324596,438.81529751272956,40.0
solarPV,2025,LR5,scenario_high_avg_min,1.0,29.94685199999993,22.50114800000007
solarPV,2030,LR5,scenario_high_avg_min,32.34458674955612,134.59072864991913,40.0
solarPV,2035,LR5,scenario_high_avg_min,41.0688400933245,291.6232667291268,40.0
solarPV,2040,LR5,scenario_high_avg_min,41.0688400933245,442.51962776261615,40.0
solarPV,2025,LR5,scenario_high_avg_avg,1.0,29.94685199999993,22.50114800000007
solarPV,2030,LR5,scenario_high_avg_avg,32.34458674955631,134.59072864991913,39.999999999999986
solarPV,2035,LR5,scenario_high_avg_avg,41.06884009332498,291.6232667291265,39.999999999999986
solarPV,2040,LR5,scenario_high_avg_avg,41.06884009332498,442.55462111062843,39.999999999999986
solarPV,2025,LR5,scenario_high_avg_high,1.0,29.946852,22.501148
solarPV,2030,LR5,scenario_high_avg_high,32.3445867495563,134.59072864991916,40.0
solarPV,2035,LR5,scenario_high_avg_high,41.06884009332474,291.6232667291267,40.0
solarPV,2040,LR5,scenario_high_avg_high,41.06884009332474,442.5546211106291,40.0
solarPV,2025,LR5,scenario_high_high_min,1.0,29.946851999999964,22.501148000000036
solarPV,2030,LR5,scenario_high_high_min,32.34458674955617,134.59072864991933,39.999999999999986
solarPV,2035,LR5,scenario_high_high_min,41.06884009332461,291.6232667291269,39.999999999999986
solarPV,2040,LR5,scenario_high_high_min,41.06884009332461,441.293138360036,39.999999999999986
solarPV,2025,LR5,scenario_high_high_avg,1.0,29.946851999999964,22.50114800000005
solarPV,2030,LR5,scenario_high_high_avg,32.344586749556186,134.59072864991919,40.0
solarPV,2035,LR5,scenario_high_high_avg,41.06884009332462,291.6232667291268,40.0
solarPV,2040,LR5,scenario_high_high_avg,41.06884009332462,438.8152975127295,40.0
solarPV,2025,LR5,scenario_high_high_high,1.0,29.94685199999993,22.50114800000007
solarPV,2030,LR5,scenario_high_high_high,32.344586749556235,134.59072864991913,40.0
solarPV,2035,LR5,scenario_high_high_high,41.06884009332479,291.6232667291267,40.0
solarPV,2040,LR5,scenario_high_high_high,41.06884009332479,438.81529751272944,40.0
solarPV,2025,LR6,scenario_min_min_min,8.0,7.477128504000035,37.97087149599997
solarPV,2030,LR6,scenario_min_min_min,102.22229132287991,72.06976143360023,40.0
solarPV,2035,LR6,scenario_min_min_min,195.29560904965635,137.3964977727951,47.35673735700473
solarPV,2040,LR6,scenario_min_min_min,260.8726005348485,206.77257069110354,47.35673735700473
solarPV,2025,LR6,scenario_min_min_avg,8.0,7.477128504000022,37.97087149599998
solarPV,2030,LR6,scenario_min_min_avg,102.22229132288018,72.06976143360002,40.0
solarPV,2035,LR6,scenario_min_min_avg,195.29560904965635,137.39649777279507,47.35673735700481
solarPV,2040,LR6,scenario_min_min_avg,265.66602779822693,206.77257069110328,47.35673735700481
solarPV,2025,LR6,scenario_min_min_high,8.0,7.477128504000024,37.97087149599997
solarPV,2030,LR6,scenario_min_min_high,102.22229132288008,72.06976143360002,40.00000000000001
solarPV,2035,LR6,scenario_min_min_high,195.29560904965635,137.39649777279504,47.35673735700471
solarPV,2040,LR6,scenario_min_min_high,265.66602779822716,206.77257069110354,47.35673735700471
solarPV,2025,LR6,scenario_min_avg_min,8.0,7.477128504000039,37.97087149599997
solarPV,2030,LR6,scenario_min_avg_min,102.22229132287991,72.06976143360023,40.0
solarPV,2035,LR6,scenario_min_avg_min,195.29560904965635,137.39649777279507,47.35673735700473
solarPV,2040,LR6,scenario_min_avg_min,271.75219103779773,215.2014393634217,47.35673735700473
solarPV,2025,LR6,scenario_min_avg_avg,8.0,7.477128504000039,37.97087149599997
solarPV,2030,LR6,scenario_min_avg_avg,102.22229132288001,72.06976143360005,40.0
solarPV,2035,LR6,scenario_min_avg_avg,195.29560904965635,137.3964977727951,47.35673735700464
solarPV,2040,LR6,scenario_min_avg_avg,271.7446148968902,215.20143936342154,47.35673735700464
solarPV,2025,LR6,scenario_min_avg_high,8.0,7.477128504000039,37.970871495999965
solarPV,2030,LR6,scenario_min_avg_high,102.22229132288017,72.06976143360005,40.0
solarPV,2035,LR6,scenario_min_avg_high,195.29560904965635,137.39649777279504,47.35673735700481
solarPV,2040,LR6,scenario_min_avg_high,271.7446148968892,215.20143936342134,47.35673735700481
solarPV,2025,LR6,scenario_min_high_min,8.0,7.477128504000079,37.97087149599994
solarPV,2030,LR6,scenario_min_high_min,102.22229132288011,72.0697614336002,40.000000000000014
solarPV,2035,LR6,scenario_min_high_min,195.29560904965643,137.39649777279507,47.356737357004846
solarPV,2040,LR6,scenario_min_high_min,263.06359086251524,213.7606071117431,47.356737357004846
solarPV,2025,LR6,scenario_min_high_avg,8.0,7.477128504000027,37.97087149599998
solarPV,2030,LR6,scenario_min_high_avg,102.22229132287991,72.06976143360025,39.99999999999999
solarPV,2035,LR6,scenario_min_high_avg,195.29560904965632,137.3964977727951,47.356737357004725
solarPV,2040,LR6,scenario_min_high_avg,267.25313233215644,213.76060711174313,47.356737357004725
solarPV,2025,LR6,scenario_min_high_high,8.0,7.477128504000033,37.97087149599997
solarPV,2030,LR6,scenario_min_high_high,102.22229132288015,72.06976143360004,40.0
solarPV,2035,LR6,scenario_min_high_high,195.29560904965635,137.3964977727951,47.3567373570048
solarPV,2040,LR6,scenario_min_high_high,267.25313233215655,213.7606071117433,47.3567373570048
solarPV,2025,LR6,scenario_avg_min_min,5.777708677120012,9.699419826880007,37.970871495999994
solarPV,2030,LR6,scenario_avg_min_min,100.0,74.29205275648027,40.00000000000001
solarPV,2035,LR6,scenario_avg_min_min,144.51040363792825,188.1817031845232,47.35673735700485
solarPV,2040,LR6,scenario_avg_min_min,144.51040363792825,335.37373396812586,47.35673735700485
solarPV,2025,LR6,scenario_avg_min_avg,5.777708677119837,9.69941982688019,37.97087149599997
solarPV,2030,LR6,scenario_avg_min_avg,100.0,74.2920527564802,40.0
solarPV,2035,LR6,scenario_avg_min_avg,144.51040363792822,188.18170318452317,47.356737357004796
solarPV,2040,LR6,scenario_avg_min_avg,144.51040363792822,335.37373396812586,47.356737357004796
solarPV,2025,LR6,scenario_avg_min_high,5.777708677119976,9.699419826880053,37.970871495999965
solarPV,2030,LR6,scenario_avg_min_high,99.99999999999999,74.29205275648026,40.0
solarPV,2035,LR6,scenario_avg_min_high,144.5104036379282,188.1817031845232,47.35673735700484
solarPV,2040,LR6,scenario_avg_min_high,144.5104036379282,335.37373396812586,47.35673735700484
solarPV,2025,LR6,scenario_avg_avg_min,5.77770867711971,9.699419826880286,37.970871496
solarPV,2030,LR6,scenario_avg_avg_min,100.0,74.2920527564802,40.0
solarPV,2035,LR6,scenario_avg_avg_min,144.5104036379282,188.1817031845232,47.35673735700479
solarPV,2040,LR6,scenario_avg_avg_min,144.5104036379282,347.3082229505801,47.35673735700479
solarPV,2025,LR6,scenario_avg_avg_avg,5.777708677119983,9.699419826880039,37.97087149599998
solarPV,2030,LR6,scenario_avg_avg_avg,100.0,74.2920527564802,40.0
solarPV,2035,LR6,scenario_avg_avg_avg,144.5104036379282,188.18170318452317,47.356737357004796
solarPV,2040,LR6,scenario_avg_avg_avg,144.5104036379282,347.3082229505801,47.356737357004796
solarPV,2025,LR6,scenario_avg_avg_high,5.77770867712007,9.699419826879964,37.97087149599997
solarPV,2030,LR6,scenario_avg_avg_high,100.0,74.29205275648016,40.0
solarPV,2035,LR6,scenario_avg_avg_high,144.5104036379282,188.1817031845232,47.35673735700473
solarPV,2040,LR6,scenario_avg_avg_high,144.5104036379282,347.3082229505801,47.35673735700473
solarPV,2025,LR6,scenario_avg_high_min,5.777708677120059,9.699419826879973,37.97087149599997
solarPV,2030,LR6,scenario_avg_high_min,99.99999999999999,74.29205275648026,40.0
solarPV,2035,LR6,scenario_avg_high_min,144.5104036379282,188.1817031845232,47.35673735700484
solarPV,2040,LR6,scenario_avg_high_min,146.37788046086033,343.9467646693023,47.35673735700484
solarPV,2025,LR6,scenario_avg_high_avg,5.777708677119976,9.699419826880007,37.970871496000036
solarPV,2030,LR6,scenario_avg_high_avg,99.99999999999999,74.29205275648023,40.000000000000014
solarPV,2035,LR6,scenario_avg_high_avg,144.5104036379282,188.18170318452323,47.35673735700485
solarPV,2040,LR6,scenario_avg_high_avg,146.3101026584932,344.0687647135632,47.35673735700485
solarPV,2025,LR6,scenario_avg_high_high,5.77770867712007,9.699419826879948,37.97087149599998
solarPV,2030,LR6,scenario_avg_high_high,100.0,74.29205275648026,39.99999999999999
solarPV,2035,LR6,scenario_avg_high_high,144.5104036379282,188.1817031845232,47.35673735700483
solarPV,2040,LR6,scenario_avg_high_high,146.31010265849338,344.06876471356287,47.35673735700483
solarPV,2025,LR6,scenario_high_min_min,1.0,29.94685199999993,22.50114800000007
solarPV,2030,LR6,scenario_high_min_min,32.344586749555965,134.5907286499194,40.0
solarPV,2035,LR6,scenario_high_min_min,41.06884009332435,291.62326672912707,40.0
solarPV,2040,LR6,scenario_high_min_min,41.06884009332435,435.0733482675298,42.59857586472219
solarPV,2025,LR6,scenario_high_min_avg,1.0,29.94685199999993,22.50114800000007
solarPV,2030,LR6,scenario_high_min_avg,32.34458674955623,134.59072864991919,39.99999999999999
solarPV,2035,LR6,scenario_high_min_avg,41.06884009332466,291.6232667291268,39.99999999999999
solarPV,2040,LR6,scenario_high_min_avg,41.06884009332466,436.0781476347278,41.90079852639045
solarPV,2025,LR6,scenario_high_min_high,1.0,29.94685199999993,22.50114800000007
solarPV,2030,LR6,scenario_high_min_high,32.344586749556214,134.59072864991919,40.0
solarPV,2035,LR6,scenario_high_min_high,41.06884009332463,291.6232667291268,40.0
solarPV,2040,LR6,scenario_high_min_high,41.06884009332463,436.07814763472845,41.90079852638963
solarPV,2025,LR6,scenario_high_avg_min,1.0,29.946852,22.501148
solarPV,2030,LR6,scenario_high_avg_min,32.344586749556214,134.59072864991919,40.0
solarPV,2035,LR6,scenario_high_avg_min,41.06884009332469,291.6232667291267,40.0
solarPV,2040,LR6,scenario_high_avg_min,41.06884009332469,442.0344329878075,40.0
solarPV,2025,LR6,scenario_high_avg_avg,1.0,29.94685199999993,22.50114800000007
solarPV,2030,LR6,scenario_high_avg_avg,32.344586749556214,134.5907286499192,40.0000000000001
solarPV,2035,LR6,scenario_high_avg_avg,41.06884009332459,291.62326672912684,40.0000000000001
solarPV,2040,LR6,scenario_high_avg_avg,41.06884009332459,442.09196944766137,40.0000000000001
solarPV,2025,LR6,scenario_high_avg_high,1.0,29.946852,22.501148
solarPV,2030,LR6,scenario_high_avg_high,32.34458674955595,134.5907286499192,40.00000000000001
solarPV,2035,LR6,scenario_high_avg_high,41.068840093324475,291.6232667291267,40.00000000000001
solarPV,2040,LR6,scenario_high_avg_high,41.068840093324475,442.09196944766154,40.00000000000001
solarPV,2025,LR6,scenario_high_high_min,1.0,29.946852,22.501148
solarPV,2030,LR6,scenario_high_high_min,32.344586749556065,134.5907286499192,40.0
solarPV,2035,LR6,scenario_high_high_min,41.06884009332445,291.62326672912684,40.0
solarPV,2040,LR6,scenario_high_high_min,41.06884009332445,448.38639893028585,40.0
solarPV,2025,LR6,scenario_high_high_avg,1.0,29.946852,22.501148
solarPV,2030,LR6,scenario_high_high_avg,32.34458674955605,134.59072864991919,40.0
solarPV,2035,LR6,scenario_high_high_avg,41.06884009332454,291.6232667291267,40.0
solarPV,2040,LR6,scenario_high_high_avg,41.06884009332454,448.34998526164975,40.0
solarPV,2025,LR6,scenario_high_high_high,1.0,29.946851999999964,22.50114800000005
solarPV,2030,LR6,scenario_high_high_high,32.34458674955636,134.59072864991919,40.00000000000001
solarPV,2035,LR6,scenario_high_high_high,41.06884009332473,291.62326672912684,40.00000000000001
solarPV,2040,LR6,scenario_high_high_high,41.06884009332473,448.3499852616497,40.00000000000001
solarPV,2025,LR7,scenario_min_min_min,8.0,7.477128504000043,37.970871495999965
solarPV,2030,LR7,scenario_min_min_min,102.22229132288018,72.06976143360004,40.0
solarPV,2035,LR7,scenario_min_min_min,195.29560904965635,137.3964977727951,47.35673735700482
solarPV,2040,LR7,scenario_min_min_min,260.4370601989384,205.13515557685722,47.35673735700482
solarPV,2025,LR7,scenario_min_min_avg,8.0,7.477128504000033,37.970871495999965
solarPV,2030,LR7,scenario_min_min_avg,102.22229132288018,72.06976143360004,40.0
solarPV,2035,LR7,scenario_min_min_avg,195.29560904965632,137.3964977727951,47.35673735700482
solarPV,2040,LR7,scenario_min_min_avg,264.79770097592626,206.7725706911035,47.35673735700482
solarPV,2025,LR7,scenario_min_min_high,8.0,7.477128504000033,37.97087149599997
solarPV,2030,LR7,scenario_min_min_high,102.22229132288,72.06976143360004,40.0
solarPV,2035,LR7,scenario_min_min_high,195.29560904965635,137.39649777279507,47.35673735700463
solarPV,2040,LR7,scenario_min_min_high,264.8186794767964,206.7725706911035,47.35673735700463
solarPV,2025,LR7,scenario_min_avg_min,8.0,7.477128504000033,37.97087149599997
solarPV,2030,LR7,scenario_min_avg_min,102.22229132288001,72.06976143360004,40.0
solarPV,2035,LR7,scenario_min_avg_min,195.29560904965635,137.3964977727951,47.35673735700464
solarPV,2040,LR7,scenario_min_avg_min,271.7406798776767,215.20143936342154,47.35673735700464
solarPV,2025,LR7,scenario_min_avg_avg,8.0,7.477128504000033,37.970871495999965
solarPV,2030,LR7,scenario_min_avg_avg,102.22229132287991,72.06976143360023,40.0
solarPV,2035,LR7,scenario_min_avg_avg,195.29560904965632,137.39649777279507,47.35673735700473
solarPV,2040,LR7,scenario_min_avg_avg,271.91368711588115,215.2014393634217,47.35673735700473
solarPV,2025,LR7,scenario_min_avg_high,8.0,7.477128504000018,37.97087149599998
solarPV,2030,LR7,scenario_min_avg_high,102.22229132288017,72.06976143360004,39.99999999999999
solarPV,2035,LR7,scenario_min_avg_high,195.29560904965635,137.39649777279507,47.356737357004775
solarPV,2040,LR7,scenario_min_avg_high,271.91368711587677,215.20143936342183,47.356737357004775
solarPV,2025,LR7,scenario_min_high_min,8.0,7.477128503999975,37.97087149600002
solarPV,2030,LR7,scenario_min_high_min,102.22229132288018,72.0697614336,40.0
solarPV,2035,LR7,scenario_min_high_min,195.29560904965632,137.39649777279504,47.3567373570048
solarPV,2040,LR7,scenario_min_high_min,263.24105928732575,213.76060711174324,47.3567373570048
solarPV,2025,LR7,scenario_min_high_avg,8.0,7.477128504000018,37.970871495999994
solarPV,2030,LR7,scenario_min_high_avg,102.22229132288017,72.06976143360004,40.00000000000001
solarPV,2035,LR7,scenario_min_high_avg,195.29560904965635,137.39649777279504,47.35673735700482
solarPV,2040,LR7,scenario_min_high_avg,267.2531323321566,213.76060711174316,47.35673735700482
solarPV,2025,LR7,scenario_min_high_high,8.0,7.477128504000051,37.970871495999965
solarPV,2030,LR7,scenario_min_high_high,102.2222913228802,72.06976143360004,40.00000000000001
solarPV,2035,LR7,scenario_min_high_high,195.29560904965635,137.39649777279507,47.356737357004825
solarPV,2040,LR7,scenario_min_high_high,267.25313233215644,213.76060711174313,47.356737357004825
solarPV,2025,LR7,scenario_avg_min_min,5.77770867711999,9.699419826879987,37.97087149600002
solarPV,2030,LR7,scenario_avg_min_min,100.0,74.29205275648008,40.00000000000001
solarPV,2035,LR7,scenario_avg_min_min,195.29560904965635,137.39649777279504,47.35673735700467
solarPV,2040,LR7,scenario_avg_min_min,222.66626178913424,251.46867026030057,47.35673735700467
solarPV,2025,LR7,scenario_avg_min_avg,5.777708677119859,9.699419826880145,37.970871496
solarPV,2030,LR7,scenario_avg_min_avg,100.00000000000003,74.29205275648012,39.99999999999999
solarPV,2035,LR7,scenario_avg_min_avg,195.29560904965638,137.39649777279504,47.356737357004704
solarPV,2040,LR7,scenario_avg_min_avg,214.15758024195378,262.96179229982124,47.356737357004704
solarPV,2025,LR7,scenario_avg_min_high,5.777708677119986,9.699419826880039,37.97087149599998
solarPV,2030,LR7,scenario_avg_min_high,100.0,74.29205275648005,40.00000000000001
solarPV,2035,LR7,scenario_avg_min_high,195.29560904965635,137.39649777279507,47.35673735700466
solarPV,2040,LR7,scenario_avg_min_high,214.1575802419537,262.9617922998214,47.35673735700466
solarPV,2025,LR7,scenario_avg_avg_min,5.777708677119893,9.69941982688017,37.97087149599994
solarPV,2030,LR7,scenario_avg_avg_min,100.0,74.29205275648016,40.0
solarPV,2035,LR7,scenario_avg_avg_min,195.29560904965638,137.39649777279504,47.35673735700474
solarPV,2040,LR7,scenario_avg_avg_min,218.86787615979011,267.646533103183,47.35673735700474
solarPV,2025,LR7,scenario_avg_avg_avg,5.777708677120063,9.699419826879959,37.97087149599997
solarPV,2030,LR7,scenario_avg_avg_avg,100.0,74.29205275648017,39.999999999999986
solarPV,2035,LR7,scenario_avg_avg_avg,195.29560904965638,137.39649777279507,47.35673735700472
solarPV,2040,LR7,scenario_avg_avg_avg,218.86787615979011,267.646533103183,47.35673735700472
solarPV,2025,LR7,scenario_avg_avg_high,5.777708677119969,9.699419826880073,37.970871495999965
solarPV,2030,LR7,scenario_avg_avg_high,99.99999999999999,74.29205275648009,40.0
solarPV,2035,LR7,scenario_avg_avg_high,195.29560904965638,137.3964977727951,47.3567373570048
solarPV,2040,LR7,scenario_avg_avg_high,218.86787615979011,267.64653310318306,47.3567373570048
solarPV,2025,LR7,scenario_avg_high_min,5.777708677119799,9.699419826880177,37.97087149600002
solarPV,2030,LR7,scenario_avg_high_min,99.99999999999999,74.29205275648015,40.0
solarPV,2035,LR7,scenario_avg_high_min,195.29560904965635,137.39649777279504,47.35673735700472
solarPV,2040,LR7,scenario_avg_high_min,228.77535705482586,254.21639233435695,47.35673735700472
solarPV,2025,LR7,scenario_avg_high_avg,5.77770867711983,9.699419826880208,37.970871495999965
solarPV,2030,LR7,scenario_avg_high_avg,100.0,74.29205275648022,40.0
solarPV,2035,LR7,scenario_avg_high_avg,195.29560904965635,137.39649777279504,47.35673735700481
solarPV,2040,LR7,scenario_avg_high_avg,218.86787615979026,267.646533103183,47.35673735700481
solarPV,2025,LR7,scenario_avg_high_high,5.777708677119939,9.699419826880053,37.97087149600001
solarPV,2030,LR7,scenario_avg_high_high,99.99999999999996,74.2920527564801,40.0
solarPV,2035,LR7,scenario_avg_high_high,195.29560904965635,137.3964977727951,47.35673735700464
solarPV,2040,LR7,scenario_avg_high_high,218.86787615979011,267.64653310318306,47.35673735700464
solarPV,2025,LR7,scenario_high_min_min,1.0,29.946852,22.501148
solarPV,2030,LR7,scenario_high_min_min,32.34458674955632,134.5907286499192,39.99999999999999
solarPV,2035,LR7,scenario_high_min_min,41.068840093324695,291.62326672912684,39.99999999999999
solarPV,2040,LR7,scenario_high_min_min,41.068840093324695,435.8835263006308,42.03595223062411
solarPV,2025,LR7,scenario_high_min_avg,1.0,29.94685199999993,22.50114800000007
solarPV,2030,LR7,scenario_high_min_avg,32.34458674955566,134.59072864991901,40.00000000000007
solarPV,2035,LR7,scenario_high_min_avg,41.06884009332408,291.6232667291266,40.00000000000007
solarPV,2040,LR7,scenario_high_min_avg,41.06884009332408,435.88276479847997,42.03648105156215
solarPV,2025,LR7,scenario_high_min_high,1.0,29.946852,22.501148
solarPV,2030,LR7,scenario_high_min_high,32.34458674955643,134.5907286499192,40.00000000000001
solarPV,2035,LR7,scenario_high_min_high,41.06884009332481,291.62326672912684,40.00000000000001
solarPV,2040,LR7,scenario_high_min_high,41.06884009332481,435.95581054771816,41.98575483681314
solarPV,2025,LR7,scenario_high_avg_min,1.0,29.946852,22.501148
solarPV,2030,LR7,scenario_high_avg_min,32.34458674955657,134.59072864991924,40.00000000000007
solarPV,2035,LR7,scenario_high_avg_min,41.068840093324944,291.6232667291269,40.00000000000007
solarPV,2040,LR7,scenario_high_avg_min,41.068840093324944,444.29307787591904,40.00000000000007
solarPV,2025,LR7,scenario_high_avg_avg,1.0,29.94685199999993,22.50114800000007
solarPV,2030,LR7,scenario_high_avg_avg,32.344586749556214,134.59072864991924,40.0
solarPV,2035,LR7,scenario_high_avg_avg,41.06884009332459,291.6232667291269,40.0
solarPV,2040,LR7,scenario_high_avg_avg,41.06884009332459,445.5051186881909,40.0
solarPV,2025,LR7,scenario_high_avg_high,1.0,29.94685199999993,22.50114800000007
solarPV,2030,LR7,scenario_high_avg_high,32.344586749556235,134.59072864991919,40.00000000000007
solarPV,2035,LR7,scenario_high_avg_high,41.06884009332461,291.62326672912684,40.00000000000007
solarPV,2040,LR7,scenario_high_avg_high,41.06884009332461,445.50511868819086,40.00000000000007
solarPV,2025,LR7,scenario_high_high_min,1.0,29.946852,22.501148
solarPV,2030,LR7,scenario_high_high_min,32.34458674955621,134.5907286499192,40.00000000000001
solarPV,2035,LR7,scenario_high_high_min,41.06884009332464,291.6232667291268,40.00000000000001
solarPV,2040,LR7,scenario_high_high_min,41.06884009332464,450.61826217275836,40.00000000000001
solarPV,2025,LR7,scenario_high_high_avg,1.0,29.946852,22.501148
solarPV,2030,LR7,scenario_high_high_avg,32.344586749556214,134.5907286499192,40.00000000000001
solarPV,2035,LR7,scenario_high_high_avg,41.06884009332459,291.62326672912684,40.00000000000001
solarPV,2040,LR7,scenario_high_high_avg,41.06884009332459,448.4397271501556,40.00000000000001
solarPV,2025,LR7,scenario_high_high_high,1.0,29.946851999999964,22.50114800000005
solarPV,2030,LR7,scenario_high_high_high,32.34458674955438,134.59072864991913,40.00000000000001
solarPV,2035,LR7,scenario_high_high_high,41.06884009332276,291.6232667291268,40.00000000000001
solarPV,2040,LR7,scenario_high_high_high,41.06884009332276,448.43972715015536,40.00000000000001
solarPV,2025,LR8,scenario_min_min_min,8.0,7.47712850400004,37.970871495999965
solarPV,2030,LR8,scenario_min_min_min,102.22229132287991,72.06976143360025,40.0
solarPV,2035,LR8,scenario_min_min_min,195.29560904965635,137.3964977727951,47.35673735700473
solarPV,2040,LR8,scenario_min_min_min,260.8726005348485,206.77257069110357,47.35673735700473
solarPV,2025,LR8,scenario_min_min_avg,8.0,7.477128504000024,37.97087149599997
solarPV,2030,LR8,scenario_min_min_avg,102.22229132288001,72.06976143360004,40.0
solarPV,2035,LR8,scenario_min_min_avg,195.29560904965632,137.3964977727951,47.35673735700464
solarPV,2040,LR8,scenario_min_min_avg,265.04517031630644,206.77257069110357,47.35673735700464
solarPV,2025,LR8,scenario_min_min_high,8.0,7.477128504000039,37.97087149599997
solarPV,2030,LR8,scenario_min_min_high,102.22229132287984,72.06976143360025,40.0
solarPV,2035,LR8,scenario_min_min_high,195.29560904965643,137.39649777279507,47.35673735700465
solarPV,2040,LR8,scenario_min_min_high,265.04517031630826,206.77257069110354,47.35673735700465
solarPV,2025,LR8,scenario_min_avg_min,8.0,7.477128504000035,37.97087149599998
solarPV,2030,LR8,scenario_min_avg_min,102.22229132287995,72.06976143360023,40.00000000000001
solarPV,2035,LR8,scenario_min_avg_min,195.29560904965635,137.3964977727951,47.356737357004775
solarPV,2040,LR8,scenario_min_avg_min,271.00981586402844,215.20143936342157,47.356737357004775
solarPV,2025,LR8,scenario_min_avg_avg,8.0,7.477128504000039,37.97087149599997
solarPV,2030,LR8,scenario_min_avg_avg,102.22229132287998,72.0697614336003,40.0
solarPV,2035,LR8,scenario_min_avg_avg,195.2956090496564,137.39649777279507,47.35673735700485
solarPV,2040,LR8,scenario_min_avg_avg,271.0098158640282,215.20143936342134,47.35673735700485
solarPV,2025,LR8,scenario_min_avg_high,8.0,7.477128504000039,37.97087149599997
solarPV,2030,LR8,scenario_min_avg_high,102.22229132287993,72.06976143360023,40.0
solarPV,2035,LR8,scenario_min_avg_high,195.29560904965635,137.39649777279507,47.35673735700473
solarPV,2040,LR8,scenario_min_avg_high,271.0098158640281,215.20143936342157,47.35673735700473
solarPV,2025,LR8,scenario_min_high_min,8.0,7.477128504000039,37.97087149599997
solarPV,2030,LR8,scenario_min_high_min,102.22229132287998,72.06976143360025,40.0
solarPV,2035,LR8,scenario_min_high_min,195.29560904965632,137.3964977727951,47.35673735700484
solarPV,2040,LR8,scenario_min_high_min,263.300901460872,213.76060711174313,47.35673735700484
solarPV,2025,LR8,scenario_min_high_avg,8.0,7.477128504000033,37.97087149599997
solarPV,2030,LR8,scenario_min_high_avg,102.22229132287991,72.06976143360023,40.0
solarPV,2035,LR8,scenario_min_high_avg,195.29560904965632,137.39649777279507,47.35673735700473
solarPV,2040,LR8,scenario_min_high_avg,268.5891173134935,214.38914706578925,47.35673735700473
solarPV,2025,LR8,scenario_min_high_high,8.0,7.477128504000018,37.97087149599998
solarPV,2030,LR8,scenario_min_high_high,102.22229132287991,72.06976143360023,39.99999999999999
solarPV,2035,LR8,scenario_min_high_high,195.29560904965635,137.39649777279507,47.356737357004725
solarPV,2040,LR8,scenario_min_high_high,268.58911731349366,214.3891470657893,47.356737357004725
solarPV,2025,LR8,scenario_avg_min_min,5.777708677119823,9.699419826880211,37.97087149599997
solarPV,2030,LR8,scenario_avg_min_min,100.0,74.29205275648012,40.0
solarPV,2035,LR8,scenario_avg_min_min,195.29560904965635,137.39649777279507,47.35673735700473
solarPV,2040,LR8,scenario_avg_min_min,260.6663532530887,205.97912526598094,47.35673735700473
solarPV,2025,LR8,scenario_avg_min_avg,5.777708677119834,9.699419826880188,37.97087149599998
solarPV,2030,LR8,scenario_avg_min_avg,100.00000000000001,74.2920527564802,40.0
solarPV,2035,LR8,scenario_avg_min_avg,195.29560904965635,137.3964977727951,47.35673735700481
solarPV,2040,LR8,scenario_avg_min_avg,258.9820532532389,209.36606874412445,47.35673735700481
solarPV,2025,LR8,scenario_avg_min_high,5.777708677120078,9.699419826879963,37.97087149599997
solarPV,2030,LR8,scenario_avg_min_high,100.0,74.29205275648013,40.0
solarPV,2035,LR8,scenario_avg_min_high,195.29560904965635,137.3964977727951,47.356737357004725
solarPV,2040,LR8,scenario_avg_min_high,258.9820532532388,209.36606874412453,47.356737357004725
solarPV,2025,LR8,scenario_avg_avg_min,5.777708677120114,9.699419826879922,37.97087149599997
solarPV,2030,LR8,scenario_avg_avg_min,100.00000000000006,74.29205275648009,40.0
solarPV,2035,LR8,scenario_avg_avg_min,195.2956090496564,137.39649777279507,47.35673735700466
solarPV,2040,LR8,scenario_avg_avg_min,263.06359086251524,220.8736498804865,47.35673735700466
solarPV,2025,LR8,scenario_avg_avg_avg,5.77770867712007,9.699419826879966,37.970871495999965
solarPV,2030,LR8,scenario_avg_avg_avg,100.0,74.29205275648017,40.0
solarPV,2035,LR8,scenario_avg_avg_avg,195.29560904965635,137.39649777279507,47.35673735700473
solarPV,2040,LR8,scenario_avg_avg_avg,263.0635908625152,222.4063440542148,47.35673735700473
solarPV,2025,LR8,scenario_avg_avg_high,5.777708677119972,9.699419826880058,37.970871495999965
solarPV,2030,LR8,scenario_avg_avg_high,100.0,74.29205275648013,40.0
solarPV,2035,LR8,scenario_avg_avg_high,195.29560904965635,137.39649777279504,47.35673735700472
solarPV,2040,LR8,scenario_avg_avg_high,263.0635908625152,222.40634405421497,47.35673735700472
solarPV,2025,LR8,scenario_avg_high_min,5.777708677119819,9.699419826880195,37.970871495999994
solarPV,2030,LR8,scenario_avg_high_min,100.0,74.29205275648003,40.0
solarPV,2035,LR8,scenario_avg_high_min,195.29560904965635,137.39649777279507,47.35673735700461
solarPV,2040,LR8,scenario_avg_high_min,263.06359086251524,213.76060711174324,47.35673735700461
solarPV,2025,LR8,scenario_avg_high_avg,5.777708677119877,9.69941982688016,37.970871495999965
solarPV,2030,LR8,scenario_avg_high_avg,100.00000000000001,74.29205275648017,40.0
solarPV,2035,LR8,scenario_avg_high_avg,195.29560904965638,137.39649777279504,47.356737357004754
solarPV,2040,LR8,scenario_avg_high_avg,263.0635908625151,215.20143936342149,47.356737357004754
solarPV,2025,LR8,scenario_avg_high_high,5.777708677119745,9.699419826880439,37.970871496000036
solarPV,2030,LR8,scenario_avg_high_high,100.00000000000001,74.29205275648005,39.99999999999999
solarPV,2035,LR8,scenario_avg_high_high,195.29560904965638,137.39649777279507,47.35673735700462
solarPV,2040,LR8,scenario_avg_high_high,263.0635908625152,215.20143936342137,47.35673735700462
solarPV,2025,LR8,scenario_high_min_min,1.0,14.477128504000037,37.97087149599997
solarPV,2030,LR8,scenario_high_min_min,62.163898153701695,104.77141724577373,40.0
solarPV,2035,LR8,scenario_high_min_min,99.99999999999999,232.69210682245145,56.5756791422976
solarPV,2040,LR8,scenario_high_min_min,99.99999999999999,378.61311829452126,57.458331441973236
solarPV,2025,LR8,scenario_high_min_avg,1.0,29.946852,22.501148
solarPV,2030,LR8,scenario_high_min_avg,32.344586749556285,134.5907286499191,40.0
solarPV,2035,LR8,scenario_high_min_avg,41.06884009332471,291.6232667291267,40.0
solarPV,2040,LR8,scenario_high_min_avg,41.06884009332471,436.8111678767688,41.391756691639166
solarPV,2025,LR8,scenario_high_min_high,1.0,29.946852,22.501148
solarPV,2030,LR8,scenario_high_min_high,32.34458674955619,134.59072864991924,40.0
solarPV,2035,LR8,scenario_high_min_high,41.06884009332457,291.6232667291269,40.0
solarPV,2040,LR8,scenario_high_min_high,41.06884009332457,436.2584441511117,41.775592612234675
solarPV,2025,LR8,scenario_high_avg_min,1.0,29.946852,22.501148
solarPV,2030,LR8,scenario_high_avg_min,32.344586749555845,134.59072864991924,40.0
solarPV,2035,LR8,scenario_high_avg_min,41.06884009332421,291.6232667291269,40.0
solarPV,2040,LR8,scenario_high_avg_min,41.06884009332421,444.0836491480364,40.0
solarPV,2025,LR8,scenario_high_avg_avg,1.0,29.946852,22.501148
solarPV,2030,LR8,scenario_high_avg_avg,32.344586749556235,134.5907286499192,40.00000000000001
solarPV,2035,LR8,scenario_high_avg_avg,41.06884009332437,291.62326672912707,40.00000000000001
solarPV,2040,LR8,scenario_high_avg_avg,41.06884009332437,444.3142699070903,40.00000000000001
solarPV,2025,LR8,scenario_high_avg_high,1.0,29.946852,22.501148
solarPV,2030,LR8,scenario_high_avg_high,32.34458674955626,134.59072864991916,40.000000000000014
solarPV,2035,LR8,scenario_high_avg_high,41.06884009332473,291.62326672912667,40.000000000000014
solarPV,2040,LR8,scenario_high_avg_high,41.06884009332473,444.3142699070907,40.000000000000014
solarPV,2025,LR8,scenario_high_high_min,1.0,29.94685199999993,22.50114800000007
solarPV,2030,LR8,scenario_high_high_min,32.34458674955596,134.5907286499191,40.000000000000014
solarPV,2035,LR8,scenario_high_high_min,41.06884009332433,291.6232667291267,40.000000000000014
solarPV,2040,LR8,scenario_high_high_min,41.06884009332433,450.7497864951836,40.000000000000014
solarPV,2025,LR8,scenario_high_high_avg,1.0,29.946852,22.501148
solarPV,2030,LR8,scenario_high_high_avg,32.34458674955612,134.5907286499192,40.0
solarPV,2035,LR8,scenario_high_high_avg,41.06884009332459,291.62326672912684,40.0
solarPV,2040,LR8,scenario_high_high_avg,41.06884009332459,450.74978649518414,40.0
solarPV,2025,LR8,scenario_high_high_high,1.0,29.946852,22.501148
solarPV,2030,LR8,scenario_high_high_high,32.34458674955621,134.5907286499192,40.0
solarPV,2035,LR8,scenario_high_high_high,41.06884009332463,291.62326672912684,40.0
solarPV,2040,LR8,scenario_high_high_high,41.06884009332463,450.7497864951848,40.0
solarPV,2025,LR9,scenario_min_min_min,8.0,7.477128504000033,37.970871495999965
solarPV,2030,LR9,scenario_min_min_min,102.22229132288001,72.06976143360004,40.0
solarPV,2035,LR9,scenario_min_min_min,195.29560904965635,137.39649777279507,47.35673735700465
solarPV,2040,LR9,scenario_min_min_min,260.7604153019897,206.34098750116496,47.35673735700465
solarPV,2025,LR9,scenario_min_min_avg,8.0,7.477128503999998,37.97087149600001
solarPV,2030,LR9,scenario_min_min_avg,102.22229132288015,72.06976143360001,40.0
solarPV,2035,LR9,scenario_min_min_avg,195.29560904965632,137.39649777279513,47.35673735700475
solarPV,2040,LR9,scenario_min_min_avg,264.99771378514714,206.77257069110365,47.35673735700475
solarPV,2025,LR9,scenario_min_min_high,8.0,7.477128504000043,37.970871495999965
solarPV,2030,LR9,scenario_min_min_high,102.22229132288,72.06976143360025,40.0
solarPV,2035,LR9,scenario_min_min_high,195.29560904965635,137.3964977727951,47.356737357004846
solarPV,2040,LR9,scenario_min_min_high,264.99771378514714,206.77257069110354,47.356737357004846
solarPV,2025,LR9,scenario_min_avg_min,8.0,7.477128504000037,37.970871495999965
solarPV,2030,LR9,scenario_min_avg_min,102.22229132288017,72.06976143360004,40.0
solarPV,2035,LR9,scenario_min_avg_min,195.29560904965632,137.39649777279507,47.35673735700481
solarPV,2040,LR9,scenario_min_avg_min,270.95251228850117,215.20143936342137,47.35673735700481
solarPV,2025,LR9,scenario_min_avg_avg,8.0,7.477128504000001,37.97087149600001
solarPV,2030,LR9,scenario_min_avg_avg,102.22229132288015,72.06976143360001,40.0
solarPV,2035,LR9,scenario_min_avg_avg,195.29560904965635,137.39649777279507,47.35673735700475
solarPV,2040,LR9,scenario_min_avg_avg,270.95251228850145,215.20143936342137,47.35673735700475
solarPV,2025,LR9,scenario_min_avg_high,8.0,7.477128504000039,37.97087149599997
solarPV,2030,LR9,scenario_min_avg_high,102.22229132287985,72.06976143360036,40.0
solarPV,2035,LR9,scenario_min_avg_high,195.29560904965635,137.39649777279504,47.35673735700485
solarPV,2040,LR9,scenario_min_avg_high,270.95251228850134,215.20143936342143,47.35673735700485
solarPV,2025,LR9,scenario_min_high_min,8.0,7.477128504000042,37.97087149599998
solarPV,2030,LR9,scenario_min_high_min,102.22229132287993,72.06976143360026,39.99999999999999
solarPV,2035,LR9,scenario_min_high_min,195.29560904965635,137.3964977727951,47.356737357004725
solarPV,2040,LR9,scenario_min_high_min,267.55692784767507,213.76060711174347,47.356737357004725
solarPV,2025,LR9,scenario_min_high_avg,8.0,7.477128504000039,37.97087149599997
solarPV,2030,LR9,scenario_min_high_avg,102.22229132288,72.06976143360025,40.0
solarPV,2035,LR9,scenario_min_high_avg,195.29560904965635,137.3964977727951,47.356737357004846
solarPV,2040,LR9,scenario_min_high_avg,268.5891173134937,214.38914706578936,47.356737357004846
solarPV,2025,LR9,scenario_min_high_high,8.0,7.477128504000033,37.97087149599997
solarPV,2030,LR9,scenario_min_high_high,102.22229132288012,72.06976143360004,40.0
solarPV,2035,LR9,scenario_min_high_high,195.29560904965635,137.3964977727951,47.356737357004754
solarPV,2040,LR9,scenario_min_high_high,268.5891173134937,214.3891470657893,47.356737357004754
solarPV,2025,LR9,scenario_avg_min_min,5.777708677119984,9.699419826880026,37.97087149599998
solarPV,2030,LR9,scenario_avg_min_min,100.0,74.29205275648005,39.99999999999999
solarPV,2035,LR9,scenario_avg_min_min,195.29560904965635,137.39649777279504,47.35673735700463
solarPV,2040,LR9,scenario_avg_min_min,260.7604153019896,206.34098750116442,47.35673735700463
solarPV,2025,LR9,scenario_avg_min_avg,5.777708677119853,9.69941982688016,37.970871496
solarPV,2030,LR9,scenario_avg_min_avg,100.0,74.2920527564801,39.99999999999999
solarPV,2035,LR9,scenario_avg_min_avg,195.29560904965635,137.39649777279504,47.356737357004675
solarPV,2040,LR9,scenario_avg_min_avg,263.780521550799,206.7725706911035,47.356737357004675
solarPV,2025,LR9,scenario_avg_min_high,5.777708677120044,9.699419826879987,37.970871495999965
solarPV,2030,LR9,scenario_avg_min_high,100.0,74.29205275648,39.99999999999999
solarPV,2035,LR9,scenario_avg_min_high,195.29560904965635,137.39649777279507,47.356737357004576
solarPV,2040,LR9,scenario_avg_min_high,263.7101260345105,206.7725706911035,47.356737357004576
solarPV,2025,LR9,scenario_avg_avg_min,5.777708677119981,9.699419826880046,37.97087149599997
solarPV,2030,LR9,scenario_avg_avg_min,100.0,74.29205275648006,40.0
solarPV,2035,LR9,scenario_avg_avg_min,195.29560904965635,137.39649777279507,47.35673735700464
solarPV,2040,LR9,scenario_avg_avg_min,270.2959097019218,215.2014393634215,47.35673735700464
solarPV,2025,LR9,scenario_avg_avg_avg,5.777708677120177,9.699419826879822,37.97087149600001
solarPV,2030,LR9,scenario_avg_avg_avg,100.0,74.29205275648016,40.0
solarPV,2035,LR9,scenario_avg_avg_avg,195.29560904965635,137.39649777279507,47.35673735700474
solarPV,2040,LR9,scenario_avg_avg_avg,270.2959097019213,215.20143936342146,47.35673735700474
solarPV,2025,LR9,scenario_avg_avg_high,5.77770867712007,9.699419826879923,37.97087149600001
solarPV,2030,LR9,scenario_avg_avg_high,99.99999999999999,74.29205275648016,39.99999999999999
solarPV,2035,LR9,scenario_avg_avg_high,195.29560904965635,137.3964977727951,47.356737357004725
solarPV,2040,LR9,scenario_avg_avg_high,270.29590970192197,215.2014393634214,47.356737357004725
solarPV,2025,LR9,scenario_avg_high_min,5.77770867712007,9.69941982687995,37.970871495999994
solarPV,2030,LR9,scenario_avg_high_min,99.99999999999999,74.29205275648016,40.00000000000001
solarPV,2035,LR9,scenario_avg_high_min,195.29560904965632,137.39649777279507,47.35673735700474
solarPV,2040,LR9,scenario_avg_high_min,263.06359086251524,213.01452429092458,47.35673735700474
solarPV,2025,LR9,scenario_avg_high_avg,5.777708677120097,9.699419826879945,37.97087149599997
solarPV,2030,LR9,scenario_avg_high_avg,100.00000000000003,74.2920527564801,40.0
solarPV,2035,LR9,scenario_avg_high_avg,195.29560904965638,137.39649777279504,47.356737357004725
solarPV,2040,LR9,scenario_avg_high_avg,267.2531323321563,213.76060711174333,47.356737357004725
solarPV,2025,LR9,scenario_avg_high_high,5.777708677120072,9.69941982687996,37.97087149599997
solarPV,2030,LR9,scenario_avg_high_high,99.99999999999999,74.29205275648016,40.0
solarPV,2035,LR9,scenario_avg_high_high,195.29560904965635,137.3964977727951,47.356737357004754
solarPV,2040,LR9,scenario_avg_high_high,267.25313233215655,213.76060711174313,47.356737357004754
solarPV,2025,LR9,scenario_high_min_min,1.0,29.946852,22.501148
solarPV,2030,LR9,scenario_high_min_min,32.34458674955619,134.59072864991919,40.00000000000001
solarPV,2035,LR9,scenario_high_min_min,41.06884009332468,291.6232667291267,40.00000000000001
solarPV,2040,LR9,scenario_high_min_min,41.06884009332468,436.8170747207346,41.38765471666299
solarPV,2025,LR9,scenario_high_min_avg,1.0,29.946852,22.501148
solarPV,2030,LR9,scenario_high_min_avg,32.34458674955617,134.59072864991916,39.99999999999995
solarPV,2035,LR9,scenario_high_min_avg,41.06884009332455,291.6232667291268,39.99999999999995
solarPV,2040,LR9,scenario_high_min_avg,41.06884009332455,436.8966581917494,41.33238841734721
solarPV,2025,LR9,scenario_high_min_high,1.0,29.946852,22.501148
solarPV,2030,LR9,scenario_high_min_high,32.34458674955622,134.5907286499192,40.0
solarPV,2035,LR9,scenario_high_min_high,41.06884009332469,291.6232667291268,40.0
solarPV,2040,LR9,scenario_high_min_high,41.06884009332469,436.7659240085052,41.4231760446002
solarPV,2025,LR9,scenario_high_avg_min,1.0,29.946851999999964,22.50114800000005
solarPV,2030,LR9,scenario_high_avg_min,32.344586749556285,134.59072864991919,40.0
solarPV,2035,LR9,scenario_high_avg_min,41.068840093324724,291.6232667291268,40.0
solarPV,2040,LR9,scenario_high_avg_min,41.068840093324724,439.38530914219757,40.0
solarPV,2025,LR9,scenario_high_avg_avg,1.0,29.94685199999993,22.50114800000007
solarPV,2030,LR9,scenario_high_avg_avg,32.344586749555,134.59072864991975,40.00000000000001
solarPV,2035,LR9,scenario_high_avg_avg,41.068840093323445,291.62326672912735,40.00000000000001
solarPV,2040,LR9,scenario_high_avg_avg,41.068840093323445,439.38530914219825,40.00000000000001
solarPV,2025,LR9,scenario_high_avg_high,1.0,29.946851999999964,22.50114800000005
solarPV,2030,LR9,scenario_high_avg_high,32.344586749556086,134.59072864991919,40.0
solarPV,2035,LR9,scenario_high_avg_high,41.06884009332463,291.62326672912684,40.0
solarPV,2040,LR9,scenario_high_avg_high,41.06884009332463,440.1176984100528,40.0
solarPV,2025,LR9,scenario_high_high_min,1.0,29.946852,22.501148
solarPV,2030,LR9,scenario_high_high_min,32.34458674955618,134.5907286499192,40.0
solarPV,2035,LR9,scenario_high_high_min,41.0688400933247,291.6232667291268,40.0
solarPV,2040,LR9,scenario_high_high_min,41.0688400933247,450.7497864951837,40.0
solarPV,2025,LR9,scenario_high_high_avg,1.0,29.946851999999964,22.50114800000005
solarPV,2030,LR9,scenario_high_high_avg,32.34458674955733,134.59072864991919,40.0
solarPV,2035,LR9,scenario_high_high_avg,41.06884009332583,291.6232667291267,40.0
solarPV,2040,LR9,scenario_high_high_avg,41.06884009332583,450.7497864951836,40.0
solarPV,2025,LR9,scenario_high_high_high,1.0,29.946851999999964,22.50114800000005
solarPV,2030,LR9,scenario_high_high_high,32.34458674955628,134.59072864991916,40.000000000000085
solarPV,2035,LR9,scenario_high_high_high,41.06884009332464,291.6232667291268,40.000000000000085
solarPV,2040,LR9,scenario_high_high_high,41.06884009332464,450.7497864951837,40.000000000000085
solarPV,2025,LR10,scenario_min_min_min,8.0,7.477128504000037,37.97087149599997
solarPV,2030,LR10,scenario_min_min_min,102.22229132287991,72.06976143360025,40.0
solarPV,2035,LR10,scenario_min_min_min,195.29560904965635,137.3964977727951,47.35673735700473
solarPV,2040,LR10,scenario_min_min_min,260.92916167566125,206.9901647269362,47.35673735700473
solarPV,2025,LR10,scenario_min_min_avg,8.0,7.477128504000022,37.97087149599998
solarPV,2030,LR10,scenario_min_min_avg,102.22229132287991,72.06976143360023,39.99999999999999
solarPV,2035,LR10,scenario_min_min_avg,195.29560904965635,137.3964977727951,47.356737357004725
solarPV,2040,LR10,scenario_min_min_avg,265.72144955885284,206.99388173794404,47.356737357004725
solarPV,2025,LR10,scenario_min_min_high,8.0,7.477128504000039,37.97087149599997
solarPV,2030,LR10,scenario_min_min_high,102.22229132288022,72.06976143360002,40.00000000000001
solarPV,2035,LR10,scenario_min_min_high,195.29560904965635,137.39649777279507,47.35673735700485
solarPV,2040,LR10,scenario_min_min_high,265.68635764033326,206.85375213658463,47.35673735700485
solarPV,2025,LR10,scenario_min_avg_min,8.0,7.477128504000035,37.97087149599997
solarPV,2030,LR10,scenario_min_avg_min,102.22229132287991,72.06976143360023,40.0
solarPV,2035,LR10,scenario_min_avg_min,195.29560904965635,137.39649777279507,47.35673735700473
solarPV,2040,LR10,scenario_min_avg_min,270.96135940029103,215.20143936342137,47.35673735700473
solarPV,2025,LR10,scenario_min_avg_avg,8.0,7.477128504000029,37.970871495999994
solarPV,2030,LR10,scenario_min_avg_avg,102.22229132287985,72.06976143360038,40.0
solarPV,2035,LR10,scenario_min_avg_avg,195.2956090496564,137.3964977727951,47.356737357004775
solarPV,2040,LR10,scenario_min_avg_avg,270.99499311419993,215.2014393634214,47.356737357004775
solarPV,2025,LR10,scenario_min_avg_high,8.0,7.477128504000015,37.970871495999994
solarPV,2030,LR10,scenario_min_avg_high,102.22229132287993,72.06976143360016,40.0
solarPV,2035,LR10,scenario_min_avg_high,195.29560904965638,137.39649777279504,47.35673735700466
solarPV,2040,LR10,scenario_min_avg_high,273.4879941244547,209.3660687441244,47.35673735700466
solarPV,2025,LR10,scenario_min_high_min,8.0,7.477128504000034,37.97087149599997
solarPV,2030,LR10,scenario_min_high_min,102.22229132287991,72.0697614336002,40.0
solarPV,2035,LR10,scenario_min_high_min,195.29560904965635,137.39649777279507,47.35673735700472
solarPV,2040,LR10,scenario_min_high_min,277.24649323446056,215.20143936342137,47.35673735700472
solarPV,2025,LR10,scenario_min_high_avg,8.0,7.477128503999997,37.970871496
solarPV,2030,LR10,scenario_min_high_avg,102.22229132288017,72.06976143360001,40.0
solarPV,2035,LR10,scenario_min_high_avg,195.29560904965635,137.39649777279507,47.35673735700484
solarPV,2040,LR10,scenario_min_high_avg,276.6171872250871,215.20143936342157,47.35673735700484
solarPV,2025,LR10,scenario_min_high_high,8.0,7.477128504000037,37.97087149599997
solarPV,2030,LR10,scenario_min_high_high,102.22229132288014,72.06976143360004,40.0
solarPV,2035,LR10,scenario_min_high_high,195.29560904965635,137.3964977727951,47.35673735700475
solarPV,2040,LR10,scenario_min_high_high,276.617187225087,215.2014393634214,47.35673735700475
solarPV,2025,LR10,scenario_avg_min_min,5.777708677120259,9.699419826879774,37.97087149599997
solarPV,2030,LR10,scenario_avg_min_min,100.00000000000017,74.29205275647999,40.0
solarPV,2035,LR10,scenario_avg_min_min,195.29560904965635,137.3964977727951,47.35673735700473
solarPV,2040,LR10,scenario_avg_min_min,260.9291616756611,206.91882242010567,47.35673735700473
solarPV,2025,LR10,scenario_avg_min_avg,5.777708677120078,9.699419826879959,37.97087149599997
solarPV,2030,LR10,scenario_avg_min_avg,100.0,74.29205275648016,40.0
solarPV,2035,LR10,scenario_avg_min_avg,195.29560904965638,137.39649777279507,47.35673735700473
solarPV,2040,LR10,scenario_avg_min_avg,263.5397998343889,206.9938817379452,47.35673735700473
solarPV,2025,LR10,scenario_avg_min_high,5.777708677120078,9.699419826879955,37.97087149599997
solarPV,2030,LR10,scenario_avg_min_high,100.00000000000001,74.29205275648016,40.0
solarPV,2035,LR10,scenario_avg_min_high,195.29560904965635,137.3964977727951,47.35673735700476
solarPV,2040,LR10,scenario_avg_min_high,260.8937027454476,206.85375213658483,47.35673735700476
solarPV,2025,LR10,scenario_avg_avg_min,5.7777086771200805,9.699419826879945,37.97087149599997
solarPV,2030,LR10,scenario_avg_avg_min,100.0,74.29205275648015,39.999999999999986
solarPV,2035,LR10,scenario_avg_avg_min,195.29560904965638,137.39649777279507,47.356737357004704
solarPV,2040,LR10,scenario_avg_avg_min,272.7606687426557,209.36606874412442,47.356737357004704
solarPV,2025,LR10,scenario_avg_avg_avg,5.777708677120072,9.699419826879945,37.970871495999994
solarPV,2030,LR10,scenario_avg_avg_avg,100.0,74.29205275648015,40.00000000000001
solarPV,2035,LR10,scenario_avg_avg_avg,195.29560904965638,137.39649777279507,47.356737357004725
solarPV,2040,LR10,scenario_avg_avg_avg,273.29214485107855,208.09497625034444,47.356737357004725
solarPV,2025,LR10,scenario_avg_avg_high,5.777708677119967,9.699419826880073,37.97087149599997
solarPV,2030,LR10,scenario_avg_avg_high,99.99999999999999,74.29205275648012,40.0
solarPV,2035,LR10,scenario_avg_avg_high,195.29560904965635,137.3964977727951,47.356737357004675
solarPV,2040,LR10,scenario_avg_avg_high,273.3259369902959,208.1671986655344,47.356737357004675
solarPV,2025,LR10,scenario_avg_high_min,5.777708677120072,9.699419826879966,37.970871495999965
solarPV,2030,LR10,scenario_avg_high_min,99.99999999999999,74.29205275648017,40.0
solarPV,2035,LR10,scenario_avg_high_min,195.29560904965635,137.3964977727951,47.35673735700472
solarPV,2040,LR10,scenario_avg_high_min,263.0635908625152,213.76060711174313,47.35673735700472
solarPV,2025,LR10,scenario_avg_high_avg,5.777708677119865,9.699419826880163,37.97087149599997
solarPV,2030,LR10,scenario_avg_high_avg,99.99999999999999,74.29205275648017,40.0
solarPV,2035,LR10,scenario_avg_high_avg,195.29560904965635,137.39649777279507,47.35673735700475
solarPV,2040,LR10,scenario_avg_high_avg,267.2531323321565,213.76060711174313,47.35673735700475
solarPV,2025,LR10,scenario_avg_high_high,5.777708677120066,9.69941982687997,37.97087149599997
solarPV,2030,LR10,scenario_avg_high_high,99.99999999999999,74.29205275648023,40.0
solarPV,2035,LR10,scenario_avg_high_high,195.29560904965635,137.3964977727951,47.3567373570048
solarPV,2040,LR10,scenario_avg_high_high,267.25313233215644,213.76060711174318,47.3567373570048
solarPV,2025,LR10,scenario_high_min_min,1.0,29.946852,22.501148
solarPV,2030,LR10,scenario_high_min_min,32.344586749556385,134.59072864991919,40.0
solarPV,2035,LR10,scenario_high_min_min,41.068840093324816,291.62326672912684,40.0
solarPV,2040,LR10,scenario_high_min_min,41.068840093324816,437.3883613919383,40.99092786166059
solarPV,2025,LR10,scenario_high_min_avg,1.0,29.946851999999964,22.50114800000005
solarPV,2030,LR10,scenario_high_min_avg,32.34458674955634,134.59072864991919,40.00000000000001
solarPV,2035,LR10,scenario_high_min_avg,41.06884009332472,291.62326672912684,40.00000000000001
solarPV,2040,LR10,scenario_high_min_avg,41.06884009332472,437.43184609307957,40.96073015253471
solarPV,2025,LR10,scenario_high_min_high,1.0,29.946851999999964,22.501148000000036
solarPV,2030,LR10,scenario_high_min_high,32.34458674955593,134.5907286499192,39.99999999999999
solarPV,2035,LR10,scenario_high_min_high,41.068840093324305,291.62326672912684,39.99999999999999
solarPV,2040,LR10,scenario_high_min_high,41.068840093324305,437.2959541236663,41.05509957573833
solarPV,2025,LR10,scenario_high_avg_min,1.0,29.94685199999991,22.50114800000009
solarPV,2030,LR10,scenario_high_avg_min,32.34458674955628,134.59072864991916,40.0
solarPV,2035,LR10,scenario_high_avg_min,41.06884009332466,291.6232667291268,40.0
solarPV,2040,LR10,scenario_high_avg_min,41.06884009332466,439.08621344599374,40.0
solarPV,2025,LR10,scenario_high_avg_avg,1.0,29.946852,22.501148
solarPV,2030,LR10,scenario_high_avg_avg,32.34458674955609,134.59072864991924,40.0
solarPV,2035,LR10,scenario_high_avg_avg,41.06884009332458,291.6232667291269,40.0
solarPV,2040,LR10,scenario_high_avg_avg,41.06884009332458,438.83534591627307,40.0
solarPV,2025,LR10,scenario_high_avg_high,1.0,29.946852,22.501148
solarPV,2030,LR10,scenario_high_avg_high,32.344586749556285,134.5907286499192,40.0
solarPV,2035,LR10,scenario_high_avg_high,41.06884009332466,291.6232667291271,40.0
solarPV,2040,LR10,scenario_high_avg_high,41.06884009332466,438.90930752877205,40.0
solarPV,2025,LR10,scenario_high_high_min,1.0,29.946852,22.501148
solarPV,2030,LR10,scenario_high_high_min,32.34458674955625,134.5907286499192,39.99999999999999
solarPV,2035,LR10,scenario_high_high_min,41.068840093324596,291.62326672912684,39.99999999999999
solarPV,2040,LR10,scenario_high_high_min,41.068840093324596,450.74978649518374,39.99999999999999
solarPV,2025,LR10,scenario_high_high_avg,1.0,29.946852000000202,22.501147999999798
solarPV,2030,LR10,scenario_high_high_avg,32.34458674955507,134.59072864991944,40.00000000000001
solarPV,2035,LR10,scenario_high_high_avg,41.06884009332348,291.62326672912707,40.00000000000001
solarPV,2040,LR10,scenario_high_high_avg,41.06884009332348,450.749786495184,40.00000000000001
solarPV,2025,LR10,scenario_high_high_high,1.0,29.946852,22.501148
solarPV,2030,LR10,scenario_high_high_high,32.34458674955621,134.59072864991919,40.0
solarPV,2035,LR10,scenario_high_high_high,41.06884009332487,291.6232667291266,40.0
solarPV,2040,LR10,scenario_high_high_high,41.06884009332487,450.7497864951835,40.0
